L0,L1,L2,L3,L4,L5,value,rest,fd
15755,,,,,,6243348,0,0
15755,15793,,,,,1683141.59132055,0,0
15755,15826,,,,,4560206.40867945,0,0
15755,0,,,,,0,0,0
15755,15793,15793,,,,14653.0965654697,0,0
15755,15793,15803,,,,650681.586171098,0,0
15755,15793,15816,,,,433797.124965036,0,0
15755,15793,15826,,,,39700.2517253628,0,0
15755,15793,15827,,,,98184.478895433,0,0
15755,15793,15828,,,,94649.3785122473,0,0
15755,15793,15830,,,,805.590124381185,0,0
15755,15793,15832,,,,106136.159433772,0,0
15755,15793,15841,,,,105421.668371327,0,0
15755,15793,15842,,,,8091.37881468654,0,0
15755,15793,33778,,,,2549.23536370969,0,0
15755,15793,33788,,,,1595.04893897924,0,0
15755,15793,33793,,,,1430.0990486552,0,0
15755,15793,33794,,,,1448.38960143181,0,0
15755,15793,33800,,,,822.968764022173,0,0
15755,15793,33814,,,,9906.74701166046,0,0
15755,15793,33815,,,,5644.0503121537,0,0
15755,15793,33816,,,,6815.42256542322,0,0
15755,15793,33817,,,,4240.11517991557,0,0
15755,15793,33818,,,,5859.56782664155,0,0
15755,15793,33822,,,,2131.21296411655,0,0
15755,15793,33823,,,,4393.29796660315,0,0
15755,15793,33827,,,,2049.38118045859,0,0
15755,15793,33832,,,,1778.11746940259,0,0
15755,15793,33845,,,,1908.92354795152,0,0
15755,15793,33849,,,,1730.67875098762,0,0
15755,15793,33850,,,,23938.810221594,0,0
15755,15793,33852,,,,826.407220605715,0,0
15755,15793,33855,,,,864.426955891805,0,0
15755,15793,33856,,,,2779.62601614741,0,0
15755,15793,33857,,,,1610.77023400106,0,0
15755,15793,33861,,,,1008.1444423389,0,0
15755,15793,33864,,,,1230.00414035374,0,0
15755,15793,33868,,,,912.894209986094,0,0
15755,15793,33877,,,,2398.67339904201,0,0
15755,15793,33878,,,,2934.28054884063,0,0
15755,15793,33882,,,,4238.66295243893,0,0
15755,15793,33883,,,,3141.02602008632,0,0
15755,15793,33885,,,,7954.913513935,0,0
15755,15793,33886,,,,1451.9232198255,0,0
15755,15793,33907,,,,1001.99685619221,0,0
15755,15793,33910,,,,5968.12104068116,0,0
15755,15793,34952,,,,990.546314431542,0,990.546314431542
15755,15793,0,,,,13466.3939432405,13466.3939432405,0
15755,15826,26015,,,,4283.51360555886,0,0
15755,15826,28015,,,,5908.27836969196,0,0
15755,15826,31015,,,,41299.3052683551,0,0
15755,15826,31815,,,,14271.775547983,0,0
15755,15826,33015,,,,42278.7145711975,0,0
15755,15826,33415,,,,45160.8869387932,0,0
15755,15826,33815,,,,4389734.7886205,0,0
15755,15826,34415,,,,637.247885810249,0,0
15755,15826,34952,,,,13059.0813418515,0,13059.0813418515
15755,15826,0,,,,3572.81652970272,3572.81652970272,0
15755,15793,15793,15803,,,5664.70471926105,0,0
15755,15793,15793,15816,,,3776.55165478304,0,0
15755,15793,15793,15827,,,854.774582188493,0,0
15755,15793,15793,15828,,,823.99870002233,0,0
15755,15793,15793,15832,,,924.000334428761,0,0
15755,15793,15793,15841,,,917.780117076188,0,0
15755,15793,15793,0,,,1691.28645770988,1691.28645770988,0
15755,15793,15803,33850,,,10413.0199716399,0,0
15755,15793,15803,34882,,,639762.446565982,0,639762.446565982
15755,15793,15803,0,,,506.119633475518,506.119633475518,0
15755,15793,15816,15827,,,102880.708784275,0,0
15755,15793,15816,15828,,,99176.5221639736,0,0
15755,15793,15816,15830,,,844.122043711366,0,0
15755,15793,15816,15832,,,111212.723569236,0,0
15755,15793,15816,15841,,,110464.057917075,0,0
15755,15793,15816,15842,,,8478.39492414658,0,0
15755,15793,15816,0,,,740.595562619421,740.595562619421,0
15755,15793,15826,33815,,,38216.1596422743,0,0
15755,15793,15826,0,,,1484.09208308847,1484.09208308847,0
15755,15793,15827,15845,,,77233.8571658077,0,0
15755,15793,15827,15850,,,3967.31845657984,0,0
15755,15793,15827,15851,,,2435.87244323722,0,0
15755,15793,15827,15852,,,13856.1506626281,0,0
15755,15793,15827,0,,,691.280167180128,691.280167180128,0
15755,15793,15828,15845,,,77453.1616693255,0,0
15755,15793,15828,15850,,,3978.5836042281,0,0
15755,15793,15828,15851,,,2442.78907043156,0,0
15755,15793,15828,15852,,,10778.5198544415,0,0
15755,15793,15828,0,,,-3.67568617940825,-3.67568617940825,0
15755,15793,15830,15846,,,629.902429827304,0,0
15755,15793,15830,0,,,175.687694553881,175.687694553881,0
15755,15793,15832,15843,,,21944.8400584022,0,0
15755,15793,15832,15848,,,72752.5920544101,0,0
15755,15793,15832,15850,,,6847.69152621234,0,0
15755,15793,15832,15851,,,4204.37715576513,0,0
15755,15793,15832,0,,,386.658638982172,386.658638982172,0
15755,15793,15841,15827,,,1757.14417575752,0,0
15755,15793,15841,15828,,,1693.87876844555,0,0
15755,15793,15841,15841,,,1637.62031100572,0,0
15755,15793,15841,34882,,,99526.7048400128,0,99526.7048400128
15755,15793,15841,0,,,806.320276105588,806.320276105588,0
15755,15793,15842,34882,,,8090.34317360115,0,8090.34317360115
15755,15793,15842,0,,,1.03564108538946,1.03564108538946,0
15755,15793,33778,34953,,,1462.52723326929,0,1462.52723326929
15755,15793,33778,0,,,1086.7081304404,1086.7081304404,0
15755,15793,33788,0,,,1595.04893897924,1595.04893897924,0
15755,15793,33793,31064,,,790.161592301614,0,0
15755,15793,33793,0,,,639.937456353584,639.937456353584,0
15755,15793,33794,0,,,1448.38960143181,1448.38960143181,0
15755,15793,33800,0,,,822.968764022174,822.968764022174,0
15755,15793,33814,34953,,,7143.91472324399,0,7143.91472324399
15755,15793,33814,0,,,2762.83228841648,2762.83228841648,0
15755,15793,33815,34953,,,1511.89671794182,0,1511.89671794182
15755,15793,33815,0,,,4132.15359421188,4132.15359421188,0
15755,15793,33816,34953,,,4351.40603697154,0,4351.40603697154
15755,15793,33816,0,,,2464.01652845168,2464.01652845168,0
15755,15793,33817,34953,,,2654.69458608784,0,2654.69458608784
15755,15793,33817,0,,,1585.42059382773,1585.42059382773,0
15755,15793,33818,33910,,,1125.65803817068,0,0
15755,15793,33818,34953,,,1161.29444428813,0,1161.29444428813
15755,15793,33818,0,,,3572.61534418274,3572.61534418274,0
15755,15793,33822,0,,,2131.21296411655,2131.21296411655,0
15755,15793,33823,34953,,,1697.17890586863,0,1697.17890586863
15755,15793,33823,0,,,2696.11906073452,2696.11906073452,0
15755,15793,33827,34953,,,945.504213975202,0,945.504213975202
15755,15793,33827,0,,,1103.87696648338,1103.87696648338,0
15755,15793,33832,0,,,1778.11746940259,1778.11746940259,0
15755,15793,33845,31046,,,891.521084352179,0,0
15755,15793,33845,0,,,1017.40246359934,1017.40246359934,0
15755,15793,33849,33764,,,629.086246873986,0,0
15755,15793,33849,0,,,1101.59250411364,1101.59250411364,0
15755,15793,33850,30935,,,669.447617627964,0,0
15755,15793,33850,31050,,,1383.29194211818,0,0
15755,15793,33850,31135,,,1082.96154944649,0,0
15755,15793,33850,31450,,,681.573670324582,0,0
15755,15793,33850,31850,,,864.268599448297,0,0
15755,15793,33850,34816,,,860.472336123973,0,860.472336123973
15755,15793,33850,34934,,,1152.84371900482,0,1152.84371900482
15755,15793,33850,34954,,,689.694312587193,0,689.694312587193
15755,15793,33850,0,,,16554.2564749125,16554.2564749125,0
15755,15793,33852,0,,,826.407220605716,826.407220605716,0
15755,15793,33855,0,,,864.426955891805,864.426955891805,0
15755,15793,33856,0,,,2779.62601614741,2779.62601614741,0
15755,15793,33857,0,,,1610.77023400107,1610.77023400107,0
15755,15793,33861,0,,,1008.1444423389,1008.1444423389,0
15755,15793,33864,0,,,1230.00414035374,1230.00414035374,0
15755,15793,33868,0,,,912.894209986095,912.894209986095,0
15755,15793,33877,0,,,2398.67339904201,2398.67339904201,0
15755,15793,33878,34953,,,1359.90884140453,0,1359.90884140453
15755,15793,33878,0,,,1574.37170743609,1574.37170743609,0
15755,15793,33882,34953,,,1504.78931477457,0,1504.78931477457
15755,15793,33882,0,,,2733.87363766436,2733.87363766436,0
15755,15793,33883,34953,,,1650.6153858182,0,1650.6153858182
15755,15793,33883,0,,,1490.41063426812,1490.41063426812,0
15755,15793,33885,34953,,,5340.79604915178,0,5340.79604915178
15755,15793,33885,0,,,2614.11746478322,2614.11746478322,0
15755,15793,33886,0,,,1451.9232198255,1451.9232198255,0
15755,15793,33907,34953,,,740.573465048385,0,740.573465048385
15755,15793,33907,0,,,261.423391143823,261.423391143823,0
15755,15793,33910,34953,,,5119.76848829734,0,5119.76848829734
15755,15793,33910,0,,,848.352552383818,848.352552383818,0
15755,15826,26015,34816,,,895.959691666699,0,895.959691666699
15755,15826,26015,0,,,3387.55391389216,3387.55391389216,0
15755,15826,28015,28015,,,1051.05264688156,0,0
15755,15826,28015,28016,,,977.438726832141,0,0
15755,15826,28015,34837,,,1546.00387525226,0,1546.00387525226
15755,15826,28015,0,,,2333.78312072599,2333.78312072599,0
15755,15826,31015,31015,,,16319.1037636519,0,0
15755,15826,31015,31016,,,9799.79993880287,0,0
15755,15826,31015,31017,,,1236.54464861781,0,0
15755,15826,31015,31056,,,782.832485528736,0,0
15755,15826,31015,31085,,,1753.28292510286,0,0
15755,15826,31015,31131,,,1637.50308578082,0,0
15755,15826,31015,34953,,,719.38102113481,0,719.38102113481
15755,15826,31015,0,,,9050.85739973541,9050.85739973541,0
15755,15826,31815,31815,,,2597.85931534056,0,0
15755,15826,31815,31816,,,797.88986219792,0,0
15755,15826,31815,34831,,,6681.51535733949,0,6681.51535733949
15755,15826,31815,0,,,4194.51101310502,4194.51101310502,0
15755,15826,33015,30816,,,695.295872509963,0,0
15755,15826,33015,33015,,,8486.43203904732,0,0
15755,15826,33015,33016,,,2282.50282159511,0,0
15755,15826,33015,33085,,,784.258903085084,0,0
15755,15826,33015,33815,,,2108.8060572954,0,0
15755,15826,33015,34816,,,677.977120975262,0,677.977120975262
15755,15826,33015,34921,,,1223.20640354254,0,1223.20640354254
15755,15826,33015,34932,,,658.976452390015,0,658.976452390015
15755,15826,33015,34934,,,2113.33290754455,0,2113.33290754455
15755,15826,33015,34953,,,2688.26912400771,0,2688.26912400771
15755,15826,33015,34954,,,625.210453237182,0,625.210453237182
15755,15826,33015,34957,,,879.49439971168,0,879.49439971168
15755,15826,33015,0,,,19054.9520162557,19054.9520162557,0
15755,15826,33415,31015,,,624.854058952104,0,0
15755,15826,33415,33415,,,11634.383048411,0,0
15755,15826,33415,33416,,,12963.8619040887,0,0
15755,15826,33415,33417,,,710.086303791716,0,0
15755,15826,33415,34832,,,3674.55928298998,0,3674.55928298998
15755,15826,33415,34934,,,1255.02837817615,0,1255.02837817615
15755,15826,33415,34953,,,661.764589904582,0,661.764589904582
15755,15826,33415,0,,,13636.3493724791,13636.3493724791,0
15755,15826,33815,25015,,,1109.80530523969,0,0
15755,15826,33815,25215,,,1576.0579982512,0,0
15755,15826,33815,25815,,,1445.05571883519,0,0
15755,15826,33815,26015,,,4603.752759787,0,0
15755,15826,33815,26016,,,15618.6476301677,0,0
15755,15826,33815,26017,,,932.895074109086,0,0
15755,15826,33815,26083,,,2486.71623358328,0,0
15755,15826,33815,26085,,,1059.88734548222,0,0
15755,15826,33815,26133,,,985.75926055327,0,0
15755,15826,33815,26135,,,1774.96242235765,0,0
15755,15826,33815,26156,,,1395.74703516658,0,0
15755,15826,33815,26615,,,3916.76499440682,0,0
15755,15826,33815,26616,,,6133.28326029505,0,0
15755,15826,33815,26683,,,1064.32553289397,0,0
15755,15826,33815,26716,,,1203.12355263786,0,0
15755,15826,33815,27015,,,9164.9267040239,0,0
15755,15826,33815,27016,,,5420.04379532291,0,0
15755,15826,33815,27022,,,5422.2460180858,0,0
15755,15826,33815,27050,,,2663.0009724234,0,0
15755,15826,33815,27083,,,3186.84786053506,0,0
15755,15826,33815,27084,,,1348.50660429053,0,0
15755,15826,33815,27085,,,1821.12405102043,0,0
15755,15826,33815,27110,,,2598.16261320663,0,0
15755,15826,33815,27135,,,3549.85102635034,0,0
15755,15826,33815,27216,,,690.680057706235,0,0
15755,15826,33815,27910,,,732.728541690658,0,0
15755,15826,33815,28015,,,18823.3410904913,0,0
15755,15826,33815,28016,,,13420.5010657646,0,0
15755,15826,33815,28017,,,1772.58598870851,0,0
15755,15826,33815,28215,,,750.080436421039,0,0
15755,15826,33815,28216,,,1308.38566632215,0,0
15755,15826,33815,29215,,,1998.30703730728,0,0
15755,15826,33815,29216,,,3705.36059856644,0,0
15755,15826,33815,29256,,,883.478661433187,0,0
15755,15826,33815,29283,,,879.419146272207,0,0
15755,15826,33815,29415,,,2891.47561299737,0,0
15755,15826,33815,29416,,,3760.1867200022,0,0
15755,15826,33815,30015,,,653.828830511401,0,0
15755,15826,33815,30215,,,655.266009143585,0,0
15755,15826,33815,30216,,,882.026154334113,0,0
15755,15826,33815,30416,,,2986.86040292679,0,0
15755,15826,33815,30611,,,928.485552635328,0,0
15755,15826,33815,30615,,,51802.302600024,0,0
15755,15826,33815,30616,,,22519.5355606049,0,0
15755,15826,33815,30618,,,2167.56680712704,0,0
15755,15826,33815,30622,,,13189.6951012615,0,0
15755,15826,33815,30623,,,1331.61629242999,0,0
15755,15826,33815,30650,,,2880.94814201693,0,0
15755,15826,33815,30656,,,34962.1440212372,0,0
15755,15826,33815,30660,,,1065.08291752762,0,0
15755,15826,33815,30663,,,2152.64175604226,0,0
15755,15826,33815,30678,,,8757.20390714565,0,0
15755,15826,33815,30682,,,4639.16928095992,0,0
15755,15826,33815,30683,,,10494.7412718693,0,0
15755,15826,33815,30684,,,4413.17759591084,0,0
15755,15826,33815,30685,,,37275.4550517556,0,0
15755,15826,33815,30710,,,8825.47466007931,0,0
15755,15826,33815,30716,,,1893.34042236394,0,0
15755,15826,33815,30729,,,704.740935012444,0,0
15755,15826,33815,30731,,,2311.37119566457,0,0
15755,15826,33815,30732,,,2467.88416064151,0,0
15755,15826,33815,30733,,,11005.9837150045,0,0
15755,15826,33815,30735,,,17157.6746889933,0,0
15755,15826,33815,30745,,,646.779178765313,0,0
15755,15826,33815,30756,,,6624.05148554885,0,0
15755,15826,33815,30757,,,1328.79695606788,0,0
15755,15826,33815,30758,,,11451.2160161022,0,0
15755,15826,33815,30815,,,20070.6155773508,0,0
15755,15826,33815,30816,,,32894.0655490345,0,0
15755,15826,33815,30817,,,1038.54281632184,0,0
15755,15826,33815,30822,,,2045.65231040701,0,0
15755,15826,33815,30856,,,4431.92889902661,0,0
15755,15826,33815,30878,,,752.226464390332,0,0
15755,15826,33815,30881,,,874.361763471561,0,0
15755,15826,33815,30883,,,4237.3879764501,0,0
15755,15826,33815,30885,,,1198.681619171,0,0
15755,15826,33815,30910,,,4647.33365963245,0,0
15755,15826,33815,30916,,,780.191495733721,0,0
15755,15826,33815,30929,,,681.626067804211,0,0
15755,15826,33815,30933,,,639.546064575462,0,0
15755,15826,33815,30935,,,6321.39869209183,0,0
15755,15826,33815,31015,,,378335.091631694,0,0
15755,15826,33815,31016,,,227211.151060825,0,0
15755,15826,33815,31017,,,28713.7114753753,0,0
15755,15826,33815,31022,,,9919.33056717681,0,0
15755,15826,33815,31023,,,1358.29766534481,0,0
15755,15826,33815,31050,,,4908.27602048658,0,0
15755,15826,33815,31056,,,17074.5932464992,0,0
15755,15826,33815,31057,,,1255.87550704604,0,0
15755,15826,33815,31077,,,706.699779425488,0,0
15755,15826,33815,31078,,,773.391034123792,0,0
15755,15826,33815,31080,,,3144.17965604958,0,0
15755,15826,33815,31083,,,2359.16243820882,0,0
15755,15826,33815,31085,,,40975.6121974735,0,0
15755,15826,33815,31110,,,1137.30246753157,0,0
15755,15826,33815,31128,,,807.781870689169,0,0
15755,15826,33815,31131,,,38277.2729562276,0,0
15755,15826,33815,31132,,,6797.26735101239,0,0
15755,15826,33815,31133,,,4969.36010435151,0,0
15755,15826,33815,31134,,,772.378259720888,0,0
15755,15826,33815,31135,,,5347.68594867811,0,0
15755,15826,33815,31156,,,691.881040873326,0,0
15755,15826,33815,31415,,,47469.7220618771,0,0
15755,15826,33815,31416,,,4407.10609798252,0,0
15755,15826,33815,31417,,,884.26564012704,0,0
15755,15826,33815,31422,,,974.230324820149,0,0
15755,15826,33815,31456,,,3618.40550537442,0,0
15755,15826,33815,31481,,,1161.64008248513,0,0
15755,15826,33815,31483,,,767.837754049464,0,0
15755,15826,33815,31485,,,2193.06879938807,0,0
15755,15826,33815,31615,,,4422.81807415469,0,0
15755,15826,33815,31616,,,10217.745412164,0,0
15755,15826,33815,31815,,,13988.8927488447,0,0
15755,15826,33815,31816,,,2911.09286347589,0,0
15755,15826,33815,31918,,,1088.66954970963,0,0
15755,15826,33815,32015,,,2744.09901624971,0,0
15755,15826,33815,32016,,,4391.02710999728,0,0
15755,15826,33815,32022,,,705.51128769645,0,0
15755,15826,33815,32056,,,684.550109079276,0,0
15755,15826,33815,32083,,,3070.36278534706,0,0
15755,15826,33815,32085,,,854.630305508015,0,0
15755,15826,33815,32215,,,3609.81090062272,0,0
15755,15826,33815,32216,,,12346.4487094431,0,0
15755,15826,33815,32217,,,834.646258174644,0,0
15755,15826,33815,32335,,,837.388217064433,0,0
15755,15826,33815,32415,,,5132.77349759837,0,0
15755,15826,33815,32416,,,2436.9949695633,0,0
15755,15826,33815,32456,,,1213.28536258898,0,0
15755,15826,33815,32484,,,805.880339882009,0,0
15755,15826,33815,32485,,,1485.06399196937,0,0
15755,15826,33815,32516,,,3496.90584474301,0,0
15755,15826,33815,32532,,,1006.61478417497,0,0
15755,15826,33815,32533,,,2511.98337905006,0,0
15755,15826,33815,32535,,,4912.09842593141,0,0
15755,15826,33815,32558,,,699.994960256565,0,0
15755,15826,33815,32615,,,1047.11078677194,0,0
15755,15826,33815,32616,,,1376.52179187539,0,0
15755,15826,33815,32650,,,1161.38591817186,0,0
15755,15826,33815,32815,,,28545.7712855744,0,0
15755,15826,33815,32816,,,31462.800755877,0,0
15755,15826,33815,32885,,,735.674062546627,0,0
15755,15826,33815,32979,,,809.184026091227,0,0
15755,15826,33815,33015,,,64237.098433009,0,0
15755,15826,33815,33016,,,22035.5295600525,0,0
15755,15826,33815,33017,,,1457.36285749852,0,0
15755,15826,33815,33022,,,936.578055533756,0,0
15755,15826,33815,33056,,,4863.8500629803,0,0
15755,15826,33815,33081,,,1832.65339193604,0,0
15755,15826,33815,33085,,,7449.66158340276,0,0
15755,15826,33815,33335,,,962.843078457519,0,0
15755,15826,33815,33357,,,1216.05357901516,0,0
15755,15826,33815,33415,,,27146.0629659878,0,0
15755,15826,33815,33416,,,25138.721243953,0,0
15755,15826,33815,33417,,,1328.25896102259,0,0
15755,15826,33815,33764,,,7156.77880140861,0,0
15755,15826,33815,33768,,,1378.87205400877,0,0
15755,15826,33815,33779,,,899.230563126345,0,0
15755,15826,33815,33812,,,784.723775250097,0,0
15755,15826,33815,33814,,,636.718357427055,0,0
15755,15826,33815,33822,,,1589.45749770465,0,0
15755,15826,33815,33823,,,1449.99003220899,0,0
15755,15826,33815,33863,,,879.573620752793,0,0
15755,15826,33815,33877,,,2018.33126196144,0,0
15755,15826,33815,33878,,,5023.48130718892,0,0
15755,15826,33815,33880,,,1977.64897410304,0,0
15755,15826,33815,33883,,,31003.9305132923,0,0
15755,15826,33815,33884,,,1091.75988477435,0,0
15755,15826,33815,33910,,,42691.4812627754,0,0
15755,15826,33815,33912,,,1716.38398300668,0,0
15755,15826,33815,33914,,,19266.3758599294,0,0
15755,15826,33815,33915,,,9271.16259926388,0,0
15755,15826,33815,33916,,,13612.2208399594,0,0
15755,15826,33815,33918,,,3321.70825922402,0,0
15755,15826,33815,33919,,,738.301842006073,0,0
15755,15826,33815,33920,,,5042.4561426076,0,0
15755,15826,33815,33923,,,2369.44286712233,0,0
15755,15826,33815,33924,,,1656.41557213744,0,0
15755,15826,33815,33925,,,688.566197975688,0,0
15755,15826,33815,33928,,,5989.58553064562,0,0
15755,15826,33815,33929,,,2999.39427716663,0,0
15755,15826,33815,33931,,,2633.06168589961,0,0
15755,15826,33815,33932,,,14760.477643889,0,0
15755,15826,33815,33933,,,23263.5809667229,0,0
15755,15826,33815,33934,,,5260.23826423693,0,0
15755,15826,33815,33935,,,43380.5058221359,0,0
15755,15826,33815,33956,,,4433.87597890277,0,0
15755,15826,33815,33957,,,6061.1393322499,0,0
15755,15826,33815,33958,,,30063.7181813765,0,0
15755,15826,33815,34015,,,15369.6115939166,0,0
15755,15826,33815,34016,,,24612.4225490384,0,0
15755,15826,33815,34017,,,655.308347397505,0,0
15755,15826,33815,34056,,,807.422826545061,0,0
15755,15826,33815,34083,,,761.158857106817,0,0
15755,15826,33815,34085,,,1984.69168221729,0,0
15755,15826,33815,34133,,,1190.34764972036,0,0
15755,15826,33815,34135,,,1717.84632913674,0,0
15755,15826,33815,34215,,,1481.39229139438,0,0
15755,15826,33815,34415,,,7880.94848539947,0,0
15755,15826,33815,34416,,,9501.4686979432,0,0
15755,15826,33815,34483,,,760.564090035005,0,0
15755,15826,33815,34485,,,1230.02751177456,0,0
15755,15826,33815,34510,,,1465.36513308699,0,0
15755,15826,33815,34533,,,1059.97697394633,0,0
15755,15826,33815,34535,,,1236.19666619444,0,0
15755,15826,33815,34615,,,33868.0161806083,0,0
15755,15826,33815,34616,,,41555.3138190751,0,0
15755,15826,33815,34617,,,2721.76975469567,0,0
15755,15826,33815,34622,,,1101.73500639808,0,0
15755,15826,33815,34650,,,2775.88372390112,0,0
15755,15826,33815,34656,,,2506.19739110254,0,0
15755,15826,33815,34678,,,889.419105019188,0,0
15755,15826,33815,34682,,,683.504700375736,0,0
15755,15826,33815,34683,,,2802.9061203366,0,0
15755,15826,33815,34710,,,4641.23752967847,0,0
15755,15826,33815,34716,,,1207.26791592739,0,0
15755,15826,33815,34732,,,784.646328698335,0,0
15755,15826,33815,34733,,,3974.50249395183,0,0
15755,15826,33815,34734,,,684.654913392962,0,0
15755,15826,33815,34735,,,3698.77338621599,0,0
15755,15826,33815,34756,,,661.210094464972,0,0
15755,15826,33815,34758,,,905.506808965794,0,0
15755,15826,33815,34768,,,18280.7305689215,0,18280.7305689215
15755,15826,33815,34769,,,5308.51861634334,0,5308.51861634334
15755,15826,33815,34777,,,2765.27197600213,0,2765.27197600213
15755,15826,33815,34785,,,47720.0230840826,0,47720.0230840826
15755,15826,33815,34791,,,2111.45291386461,0,2111.45291386461
15755,15826,33815,34800,,,5159.67885385419,0,5159.67885385419
15755,15826,33815,34809,,,5413.59034986945,0,5413.59034986945
15755,15826,33815,34810,,,34565.4605168106,0,34565.4605168106
15755,15826,33815,34816,,,97114.9834914859,0,97114.9834914859
15755,15826,33815,34820,,,3539.23225970199,0,3539.23225970199
15755,15826,33815,34831,,,47552.4558602094,0,47552.4558602094
15755,15826,33815,34832,,,5860.61960797593,0,5860.61960797593
15755,15826,33815,34835,,,2499.76539116696,0,2499.76539116696
15755,15826,33815,34837,,,17240.9966048303,0,17240.9966048303
15755,15826,33815,34841,,,21712.4011756008,0,21712.4011756008
15755,15826,33815,34847,,,25630.5936268809,0,25630.5936268809
15755,15826,33815,34849,,,746.247059916883,0,746.247059916883
15755,15826,33815,34865,,,800.291417484394,0,800.291417484394
15755,15826,33815,34872,,,2343.57293398414,0,2343.57293398414
15755,15826,33815,34881,,,8277.45121739572,0,8277.45121739572
15755,15826,33815,34884,,,1712.36053593218,0,1712.36053593218
15755,15826,33815,34889,,,6376.75313971658,0,6376.75313971658
15755,15826,33815,34890,,,2221.74077017072,0,2221.74077017072
15755,15826,33815,34899,,,35900.1654035202,0,35900.1654035202
15755,15826,33815,34909,,,2580.67812817751,0,2580.67812817751
15755,15826,33815,34913,,,25191.8131721213,0,25191.8131721213
15755,15826,33815,34917,,,16281.5251554818,0,16281.5251554818
15755,15826,33815,34918,,,5942.71533244262,0,5942.71533244262
15755,15826,33815,34921,,,6306.65697935175,0,6306.65697935175
15755,15826,33815,34928,,,34855.7189138863,0,34855.7189138863
15755,15826,33815,34932,,,114278.292547527,0,114278.292547527
15755,15826,33815,34934,,,254744.404891028,0,254744.404891028
15755,15826,33815,34946,,,5407.31484116347,0,5407.31484116347
15755,15826,33815,34953,,,1175897.67143975,0,1175897.67143975
15755,15826,33815,34954,,,47005.1770292587,0,47005.1770292587
15755,15826,33815,34955,,,4785.63864031663,0,4785.63864031663
15755,15826,33815,34956,,,26318.7593082964,0,26318.7593082964
15755,15826,33815,34957,,,60102.3319900962,0,60102.3319900962
15755,15826,33815,0,,,108842.214299934,108842.214299934,0
15755,15826,34415,0,,,637.247885810249,637.247885810249,0
15755,15793,15793,15803,34882,,5569.64485747005,0,5569.64485747005
15755,15793,15793,15803,0,,95.0598617909915,95.0598617909915,0
15755,15793,15793,15816,15827,,895.659027329471,0,0
15755,15793,15793,15816,15828,,863.411113949107,0,0
15755,15793,15793,15816,15832,,968.195894018842,0,0
15755,15793,15793,15816,15841,,961.678159472362,0,0
15755,15793,15793,15816,0,,87.6074600132616,87.6074600132616,0
15755,15793,15793,15827,15845,,672.382628419488,0,0
15755,15793,15793,15827,0,,182.391953769005,182.391953769005,0
15755,15793,15793,15828,15845,,674.291849891918,0,0
15755,15793,15793,15828,0,,149.706850130412,149.706850130412,0
15755,15793,15793,15832,15848,,633.369623957243,0,0
15755,15793,15793,15832,0,,290.630710471518,290.630710471518,0
15755,15793,15793,15841,34882,,866.459734810249,0,866.459734810249
15755,15793,15793,15841,0,,51.3203822659391,51.3203822659391,0
15755,15793,15803,33850,0,,10413.0199716399,10413.0199716399,0
15755,15793,15816,15827,15845,,80928.0046780524,0,0
15755,15793,15816,15827,15850,,4157.07797584344,0,0
15755,15793,15816,15827,15851,,2552.38186613205,0,0
15755,15793,15816,15827,15852,,14518.8997001357,0,0
15755,15793,15816,15827,0,,724.34456411126,724.34456411126,0
15755,15793,15816,15828,15845,,81157.7986639789,0,0
15755,15793,15816,15828,15850,,4168.8819431064,0,0
15755,15793,15816,15828,15851,,2559.62932027303,0,0
15755,15793,15816,15828,15852,,11294.0637333453,0,0
15755,15793,15816,15828,0,,-3.85149673003636,-3.85149673003636,0
15755,15793,15816,15830,15846,,660.03108815791,0,0
15755,15793,15816,15830,0,,184.090955553456,184.090955553456,0
15755,15793,15816,15832,15843,,22994.4765686482,0,0
15755,15793,15816,15832,15848,,76232.3976320361,0,0
15755,15793,15816,15832,15850,,7175.22123331824,0,0
15755,15793,15816,15832,15851,,4405.47535259822,0,0
15755,15793,15816,15832,0,,405.152782634967,405.152782634967,0
15755,15793,15816,15841,15827,,1841.18956755498,0,0
15755,15793,15816,15841,15828,,1774.89813311438,0,0
15755,15793,15816,15841,15841,,1715.9487956872,0,0
15755,15793,15816,15841,34882,,104287.134301633,0,104287.134301633
15755,15793,15816,15841,0,,844.887119085516,844.887119085516,0
15755,15793,15816,15842,34882,,8477.30974764914,0,8477.30974764914
15755,15793,15816,15842,0,,1.08517649744271,1.08517649744271,0
15755,15793,15826,33815,31015,,3293.71020261909,0,0
15755,15793,15826,33815,31016,,1978.05517635249,0,0
15755,15793,15826,33815,34816,,845.463767512427,0,845.463767512427
15755,15793,15826,33815,34932,,994.884128982942,0,994.884128982942
15755,15793,15826,33815,34934,,2217.75421843903,0,2217.75421843903
15755,15793,15826,33815,34953,,10237.131694428,0,10237.131694428
15755,15793,15826,33815,0,,18649.1604539403,18649.1604539403,0
15755,15793,15827,15845,34882,,74793.2947856257,0,74793.2947856257
15755,15793,15827,15845,34952,,1166.07629351519,0,1166.07629351519
15755,15793,15827,15845,0,,1274.48608666678,1274.48608666678,0
15755,15793,15827,15850,34882,,3824.7624069347,0,3824.7624069347
15755,15793,15827,15850,0,,142.556049645145,142.556049645145,0
15755,15793,15827,15851,34882,,2392.71180595295,0,2392.71180595295
15755,15793,15827,15851,0,,43.1606372842739,43.1606372842739,0
15755,15793,15827,15852,33817,,13817.9768452655,0,0
15755,15793,15827,15852,0,,38.1738173626319,38.1738173626319,0
15755,15793,15828,15845,34882,,75005.6693449361,0,75005.6693449361
15755,15793,15828,15845,34952,,1169.38735154075,0,1169.38735154075
15755,15793,15828,15845,0,,1278.10497284874,1278.10497284874,0
15755,15793,15828,15850,34882,,3835.62276858834,0,3835.62276858834
15755,15793,15828,15850,0,,142.960835639761,142.960835639761,0
15755,15793,15828,15851,34882,,2399.5058790955,0,2399.5058790955
15755,15793,15828,15851,0,,43.2831913360652,43.2831913360652,0
15755,15793,15828,15852,33817,,10748.824937117,0,0
15755,15793,15828,15852,0,,29.6949173245284,29.6949173245284,0
15755,15793,15830,15846,0,,629.902429827304,629.902429827304,0
15755,15793,15832,15843,34882,,21556.6380607855,0,21556.6380607855
15755,15793,15832,15843,0,,388.201997616718,388.201997616718,0
15755,15793,15832,15848,34882,,72571.7959483729,0,72571.7959483729
15755,15793,15832,15848,0,,180.796106037198,180.796106037198,0
15755,15793,15832,15850,34882,,6601.63619593091,0,6601.63619593091
15755,15793,15832,15850,0,,246.05533028143,246.05533028143,0
15755,15793,15832,15851,34882,,4129.88080932052,0,4129.88080932052
15755,15793,15832,15851,0,,74.4963464446047,74.4963464446047,0
15755,15793,15841,15827,15845,,1382.20443614841,0,0
15755,15793,15841,15827,0,,374.939739609112,374.939739609112,0
15755,15793,15841,15828,15845,,1386.12918714173,0,0
15755,15793,15841,15828,0,,307.74958130382,307.74958130382,0
15755,15793,15841,15841,34882,,1546.04794110625,0,1546.04794110625
15755,15793,15841,15841,0,,91.57236989947,91.57236989947,0
15755,15793,33793,31064,0,,790.161592301615,790.161592301615,0
15755,15793,33818,33910,34953,,965.648738211098,0,965.648738211098
15755,15793,33818,33910,0,,160.009299959585,160.009299959585,0
15755,15793,33845,31046,0,,891.521084352183,891.521084352183,0
15755,15793,33849,33764,0,,629.086246873986,629.086246873986,0
15755,15793,33850,30935,34841,,664.500027442585,0,664.500027442585
15755,15793,33850,30935,0,,4.94759018537908,4.94759018537908,0
15755,15793,33850,31050,0,,1383.29194211818,1383.29194211818,0
15755,15793,33850,31135,34791,,1053.13559252431,0,1053.13559252431
15755,15793,33850,31135,0,,29.8259569221864,29.8259569221864,0
15755,15793,33850,31450,0,,681.573670324583,681.573670324583,0
15755,15793,33850,31850,0,,864.268599448298,864.268599448298,0
15755,15826,28015,28015,0,,1051.05264688156,1051.05264688156,0
15755,15826,28015,28016,0,,977.438726832142,977.438726832142,0
15755,15826,31015,31015,31015,,6448.36870543907,0,0
15755,15826,31015,31015,31016,,3872.31579381778,0,0
15755,15826,31015,31015,31085,,692.796302404535,0,0
15755,15826,31015,31015,31131,,647.046786780527,0,0
15755,15826,31015,31015,0,,4658.57617520997,4658.57617520997,0
15755,15826,31015,31016,31016,,726.358070899487,0,0
15755,15826,31015,31016,34791,,3721.67103060394,0,3721.67103060394
15755,15826,31015,31016,0,,5351.77083729945,5351.77083729945,0
15755,15826,31015,31017,0,,1236.54464861781,1236.54464861781,0
15755,15826,31015,31056,0,,782.832485528736,782.832485528736,0
15755,15826,31015,31085,0,,1753.28292510286,1753.28292510286,0
15755,15826,31015,31131,34791,,1074.90581852045,0,1074.90581852045
15755,15826,31015,31131,0,,562.597267260364,562.597267260364,0
15755,15826,31815,31815,34831,,1216.22126506246,0,1216.22126506246
15755,15826,31815,31815,0,,1381.6380502781,1381.6380502781,0
15755,15826,31815,31816,0,,797.88986219792,797.88986219792,0
15755,15826,33015,30816,0,,695.295872509964,695.295872509964,0
15755,15826,33015,33015,33015,,1703.44650928513,0,0
15755,15826,33015,33015,0,,6782.98552976219,6782.98552976219,0
15755,15826,33015,33016,0,,2282.50282159511,2282.50282159511,0
15755,15826,33015,33085,0,,784.258903085085,784.258903085085,0
15755,15826,33015,33815,0,,2108.8060572954,2108.8060572954,0
15755,15826,33415,31015,0,,624.854058952105,624.854058952105,0
15755,15826,33415,33415,33415,,2997.25886917599,0,0
15755,15826,33415,33415,33416,,3339.76025278878,0,0
15755,15826,33415,33415,34832,,946.642839197128,0,946.642839197128
15755,15826,33415,33415,0,,4350.72108724906,4350.72108724906,0
15755,15826,33415,33416,34832,,6404.9447135045,0,6404.9447135045
15755,15826,33415,33416,34934,,2887.84469342603,0,2887.84469342603
15755,15826,33415,33416,0,,3671.07249715813,3671.07249715813,0
15755,15826,33415,33417,0,,710.086303791716,710.086303791716,0
15755,15826,33815,25015,0,,1109.80530523969,1109.80530523969,0
15755,15826,33815,25215,0,,1576.0579982512,1576.0579982512,0
15755,15826,33815,25815,0,,1445.05571883519,1445.05571883519,0
15755,15826,33815,26015,34816,,962.942407330191,0,962.942407330191
15755,15826,33815,26015,0,,3640.81035245681,3640.81035245681,0
15755,15826,33815,26016,34769,,1007.68722435203,0,1007.68722435203
15755,15826,33815,26016,34810,,758.153257442433,0,758.153257442433
15755,15826,33815,26016,34816,,7956.78422696146,0,7956.78422696146
15755,15826,33815,26016,34899,,676.473209260568,0,676.473209260568
15755,15826,33815,26016,0,,5219.54971215121,5219.54971215121,0
15755,15826,33815,26017,0,,932.895074109087,932.895074109087,0
15755,15826,33815,26083,0,,2486.71623358328,2486.71623358328,0
15755,15826,33815,26085,34816,,657.021459584464,0,657.021459584464
15755,15826,33815,26085,0,,402.865885897756,402.865885897756,0
15755,15826,33815,26133,34816,,894.015394616585,0,894.015394616585
15755,15826,33815,26133,0,,91.7438659366865,91.7438659366865,0
15755,15826,33815,26135,34816,,1724.92767569204,0,1724.92767569204
15755,15826,33815,26135,0,,50.0347466656066,50.0347466656066,0
15755,15826,33815,26156,34816,,1394.1199513862,0,1394.1199513862
15755,15826,33815,26156,0,,1.62708378038398,1.62708378038398,0
15755,15826,33815,26615,34913,,715.357991345891,0,715.357991345891
15755,15826,33815,26615,0,,3201.40700306093,3201.40700306093,0
15755,15826,33815,26616,34913,,1315.98242101498,0,1315.98242101498
15755,15826,33815,26616,0,,4817.30083928008,4817.30083928008,0
15755,15826,33815,26683,0,,1064.32553289397,1064.32553289397,0
15755,15826,33815,26716,34913,,802.99190265464,0,802.99190265464
15755,15826,33815,26716,0,,400.131649983217,400.131649983217,0
15755,15826,33815,27015,27015,,681.933404522659,0,0
15755,15826,33815,27015,34810,,2336.50327379166,0,2336.50327379166
15755,15826,33815,27015,0,,6146.49002570957,6146.49002570957,0
15755,15826,33815,27016,34810,,2304.4408704928,0,2304.4408704928
15755,15826,33815,27016,0,,3115.60292483011,3115.60292483011,0
15755,15826,33815,27022,34810,,906.113223947833,0,906.113223947833
15755,15826,33815,27022,0,,4516.13279413796,4516.13279413796,0
15755,15826,33815,27050,34810,,905.424766734675,0,905.424766734675
15755,15826,33815,27050,0,,1757.57620568873,1757.57620568873,0
15755,15826,33815,27083,34810,,1448.36083011421,0,1448.36083011421
15755,15826,33815,27083,0,,1738.48703042085,1738.48703042085,0
15755,15826,33815,27084,0,,1348.50660429053,1348.50660429053,0
15755,15826,33815,27085,34810,,1022.23870808113,0,1022.23870808113
15755,15826,33815,27085,0,,798.885342939295,798.885342939295,0
15755,15826,33815,27110,34810,,2147.42904442942,0,2147.42904442942
15755,15826,33815,27110,0,,450.733568777207,450.733568777207,0
15755,15826,33815,27135,34810,,3514.4055270026,0,3514.4055270026
15755,15826,33815,27135,0,,35.4454993477453,35.4454993477453,0
15755,15826,33815,27216,0,,690.680057706235,690.680057706235,0
15755,15826,33815,27910,0,,732.728541690658,732.728541690658,0
15755,15826,33815,28015,28015,,3348.57656298055,0,0
15755,15826,33815,28015,28016,,3114.04801855608,0,0
15755,15826,33815,28015,34837,,4925.45483645042,0,4925.45483645042
15755,15826,33815,28015,0,,7435.26167250426,7435.26167250426,0
15755,15826,33815,28016,28016,,869.102443677137,0,0
15755,15826,33815,28016,34837,,7966.48313722391,0,7966.48313722391
15755,15826,33815,28016,0,,4584.91548486353,4584.91548486353,0
15755,15826,33815,28017,0,,1772.58598870851,1772.58598870851,0
15755,15826,33815,28215,0,,750.08043642104,750.08043642104,0
15755,15826,33815,28216,0,,1308.38566632215,1308.38566632215,0
15755,15826,33815,29215,0,,1998.30703730728,1998.30703730728,0
15755,15826,33815,29216,34889,,1886.57202843626,0,1886.57202843626
15755,15826,33815,29216,0,,1818.78857013018,1818.78857013018,0
15755,15826,33815,29256,0,,883.478661433187,883.478661433187,0
15755,15826,33815,29283,0,,879.419146272209,879.419146272209,0
15755,15826,33815,29415,0,,2891.47561299738,2891.47561299738,0
15755,15826,33815,29416,34890,,1492.14989634362,0,1492.14989634362
15755,15826,33815,29416,0,,2268.03682365857,2268.03682365857,0
15755,15826,33815,30015,0,,653.828830511403,653.828830511403,0
15755,15826,33815,30215,0,,655.266009143585,655.266009143585,0
15755,15826,33815,30216,0,,882.026154334113,882.026154334113,0
15755,15826,33815,30416,34932,,1368.60837062369,0,1368.60837062369
15755,15826,33815,30416,0,,1618.2520323031,1618.2520323031,0
15755,15826,33815,30611,0,,928.485552635327,928.485552635327,0
15755,15826,33815,30615,30615,,3140.85548740513,0,0
15755,15826,33815,30615,30616,,2209.93120707881,0,0
15755,15826,33815,30615,30656,,759.868073082435,0,0
15755,15826,33815,30615,30683,,1123.48298983389,0,0
15755,15826,33815,30615,30685,,1734.74551481225,0,0
15755,15826,33815,30615,30733,,847.853513102462,0,0
15755,15826,33815,30615,32016,,827.673889446223,0,0
15755,15826,33815,30615,34015,,669.903602961789,0,0
15755,15826,33815,30615,34016,,1072.76299355287,0,0
15755,15826,33815,30615,34785,,1626.36717544602,0,1626.36717544602
15755,15826,33815,30615,34934,,27186.051325947,0,27186.051325947
15755,15826,33815,30615,34954,,2048.77899856961,0,2048.77899856961
15755,15826,33815,30615,0,,8554.02782878547,8554.02782878547,0
15755,15826,33815,30616,34934,,19475.1376828296,0,19475.1376828296
15755,15826,33815,30616,34954,,658.808387450656,0,658.808387450656
15755,15826,33815,30616,0,,2385.58949032464,2385.58949032464,0
15755,15826,33815,30618,30710,,846.591971363584,0,0
15755,15826,33815,30618,0,,1320.97483576346,1320.97483576346,0
15755,15826,33815,30622,30611,,1060.8787459484,0,0
15755,15826,33815,30622,30622,,1832.96631284152,0,0
15755,15826,33815,30622,30733,,1317.5296530758,0,0
15755,15826,33815,30622,34934,,3024.57676304538,0,3024.57676304538
15755,15826,33815,30622,0,,5953.7436263504,5953.7436263504,0
15755,15826,33815,30623,34934,,658.444605542322,0,658.444605542322
15755,15826,33815,30623,0,,673.171686887663,673.171686887663,0
15755,15826,33815,30650,30650,,635.151848062514,0,0
15755,15826,33815,30650,34934,,858.702181473857,0,858.702181473857
15755,15826,33815,30650,0,,1387.09411248056,1387.09411248056,0
15755,15826,33815,30656,30611,,928.181861417389,0,0
15755,15826,33815,30656,30612,,974.438000669095,0,0
15755,15826,33815,30656,30650,,998.480779553009,0,0
15755,15826,33815,30656,30656,,1995.77095379773,0,0
15755,15826,33815,30656,30678,,1827.08574421293,0,0
15755,15826,33815,30656,30682,,760.296301175323,0,0
15755,15826,33815,30656,30683,,3260.32694383807,0,0
15755,15826,33815,30656,30685,,1094.42044603997,0,0
15755,15826,33815,30656,30710,,3487.11565380553,0,0
15755,15826,33815,30656,30733,,2435.39605224284,0,0
15755,15826,33815,30656,30735,,758.773038251452,0,0
15755,15826,33815,30656,32083,,680.301038934746,0,0
15755,15826,33815,30656,34934,,6801.84006426918,0,6801.84006426918
15755,15826,33815,30656,0,,8959.7171430299,8959.7171430299,0
15755,15826,33815,30660,30710,,680.152567144501,0,0
15755,15826,33815,30660,0,,384.93035038312,384.93035038312,0
15755,15826,33815,30663,30710,,636.959436236905,0,0
15755,15826,33815,30663,0,,1515.68231980535,1515.68231980535,0
15755,15826,33815,30678,34934,,5123.83712664898,0,5123.83712664898
15755,15826,33815,30678,0,,3633.36678049666,3633.36678049666,0
15755,15826,33815,30682,34934,,2291.5296840211,0,2291.5296840211
15755,15826,33815,30682,0,,2347.63959693882,2347.63959693882,0
15755,15826,33815,30683,30683,,1659.14016676857,0,0
15755,15826,33815,30683,34934,,5819.78722367518,0,5819.78722367518
15755,15826,33815,30683,0,,3015.81388142554,3015.81388142554,0
15755,15826,33815,30684,30733,,699.759652450472,0,0
15755,15826,33815,30684,34934,,1697.2161882861,0,1697.2161882861
15755,15826,33815,30684,0,,2016.20175517427,2016.20175517427,0
15755,15826,33815,30685,30710,,823.990256108918,0,0
15755,15826,33815,30685,34785,,793.349607364765,0,793.349607364765
15755,15826,33815,30685,34932,,649.406628586491,0,649.406628586491
15755,15826,33815,30685,34934,,29862.9671249299,0,29862.9671249299
15755,15826,33815,30685,0,,5145.74143476557,5145.74143476557,0
15755,15826,33815,30710,34934,,8082.40158540226,0,8082.40158540226
15755,15826,33815,30710,0,,743.07307467705,743.07307467705,0
15755,15826,33815,30716,34934,,1082.75996553031,0,1082.75996553031
15755,15826,33815,30716,0,,810.580456833628,810.580456833628,0
15755,15826,33815,30729,0,,704.740935012445,704.740935012445,0
15755,15826,33815,30731,30733,,1146.56643399102,0,0
15755,15826,33815,30731,0,,1164.80476167356,1164.80476167356,0
15755,15826,33815,30732,0,,2467.88416064151,2467.88416064151,0
15755,15826,33815,30733,34934,,10958.9526932257,0,10958.9526932257
15755,15826,33815,30733,0,,47.0310217787633,47.0310217787633,0
15755,15826,33815,30735,34934,,16606.1942004274,0,16606.1942004274
15755,15826,33815,30735,0,,551.480488565882,551.480488565882,0
15755,15826,33815,30745,0,,646.779178765313,646.779178765313,0
15755,15826,33815,30756,30728,,743.496637163368,0,0
15755,15826,33815,30756,34934,,4636.84577383583,0,4636.84577383583
15755,15826,33815,30756,0,,1243.70907454964,1243.70907454964,0
15755,15826,33815,30757,34934,,1045.86941707052,0,1045.86941707052
15755,15826,33815,30757,0,,282.92753899736,282.92753899736,0
15755,15826,33815,30758,34934,,10699.6015749638,0,10699.6015749638
15755,15826,33815,30758,0,,751.61444113841,751.61444113841,0
15755,15826,33815,30815,30815,,2322.23807681585,0,0
15755,15826,33815,30815,30816,,2754.64669485079,0,0
15755,15826,33815,30815,30910,,750.930063125744,0,0
15755,15826,33815,30815,30935,,1686.27261832858,0,0
15755,15826,33815,30815,31015,,1276.28459973688,0,0
15755,15826,33815,30815,31016,,766.47950296571,0,0
15755,15826,33815,30815,34841,,3874.07915983817,0,3874.07915983817
15755,15826,33815,30815,0,,6639.68486168904,6639.68486168904,0
15755,15826,33815,30816,30881,,704.489028074908,0,0
15755,15826,33815,30816,30910,,1033.91016507779,0,0
15755,15826,33815,30816,30932,,740.685832294847,0,0
15755,15826,33815,30816,30933,,1507.31326050494,0,0
15755,15826,33815,30816,30935,,1907.04272479931,0,0
15755,15826,33815,30816,30958,,1410.34703112962,0,0
15755,15826,33815,30816,34841,,19766.0591627601,0,19766.0591627601
15755,15826,33815,30816,0,,5824.21834439302,5824.21834439302,0
15755,15826,33815,30817,34841,,712.498419206921,0,712.498419206921
15755,15826,33815,30817,0,,326.044397114917,326.044397114917,0
15755,15826,33815,30822,0,,2045.65231040701,2045.65231040701,0
15755,15826,33815,30856,30856,,845.816381945719,0,0
15755,15826,33815,30856,0,,3586.11251708089,3586.11251708089,0
15755,15826,33815,30878,0,,752.226464390331,752.226464390331,0
15755,15826,33815,30881,0,,874.36176347156,874.36176347156,0
15755,15826,33815,30883,30883,,1752.14741085277,0,0
15755,15826,33815,30883,34841,,1159.71585838251,0,1159.71585838251
15755,15826,33815,30883,0,,1325.52470721481,1325.52470721481,0
15755,15826,33815,30885,0,,1198.68161917099,1198.68161917099,0
15755,15826,33815,30910,34841,,3780.62080995145,0,3780.62080995145
15755,15826,33815,30910,0,,866.712849681003,866.712849681003,0
15755,15826,33815,30916,34841,,768.169968889645,0,768.169968889645
15755,15826,33815,30916,0,,12.0215268440762,12.0215268440762,0
15755,15826,33815,30929,0,,681.626067804211,681.626067804211,0
15755,15826,33815,30933,0,,639.546064575462,639.546064575462,0
15755,15826,33815,30935,34841,,6274.68004032087,0,6274.68004032087
15755,15826,33815,30935,0,,46.718651770963,46.718651770963,0
15755,15826,33815,31015,30615,,970.047010981862,0,0
15755,15826,33815,31015,30656,,654.699146625727,0,0
15755,15826,33815,31015,30685,,698.018079142267,0,0
15755,15826,33815,31015,30815,,879.65301623446,0,0
15755,15826,33815,31015,30816,,1441.67795277231,0,0
15755,15826,33815,31015,31015,,149496.210109353,0,0
15755,15826,33815,31015,31016,,89774.1059741299,0,0
15755,15826,33815,31015,31017,,11327.7506704202,0,0
15755,15826,33815,31015,31022,,4077.41180663026,0,0
15755,15826,33815,31015,31050,,2177.55876143146,0,0
15755,15826,33815,31015,31056,,7171.37971741424,0,0
15755,15826,33815,31015,31080,,1415.7425543507,0,0
15755,15826,33815,31015,31083,,1094.33295076761,0,0
15755,15826,33815,31015,31085,,16061.4918777662,0,0
15755,15826,33815,31015,31129,,706.964240085622,0,0
15755,15826,33815,31015,31131,,15000.8547596748,0,0
15755,15826,33815,31015,31132,,3342.52272008608,0,0
15755,15826,33815,31015,31133,,1945.92973293201,0,0
15755,15826,33815,31015,31135,,2227.31465757754,0,0
15755,15826,33815,31015,31415,,805.428117444862,0,0
15755,15826,33815,31015,33815,,5169.59774777226,0,0
15755,15826,33815,31015,33816,,744.69033401242,0,0
15755,15826,33815,31015,33885,,685.487087666742,0,0
15755,15826,33815,31015,33910,,706.524904648328,0,0
15755,15826,33815,31015,33914,,647.846916419372,0,0
15755,15826,33815,31015,33916,,832.814893011966,0,0
15755,15826,33815,31015,33935,,631.990930668425,0,0
15755,15826,33815,31015,34016,,805.811491212244,0,0
15755,15826,33815,31015,34615,,1231.22409274664,0,0
15755,15826,33815,31015,34616,,1510.68498617578,0,0
15755,15826,33815,31015,34785,,957.325321604943,0,957.325321604943
15755,15826,33815,31015,34791,,2160.79173110416,0,2160.79173110416
15755,15826,33815,31015,34816,,1427.45947721998,0,1427.45947721998
15755,15826,33815,31015,34831,,1005.34311411442,0,1005.34311411442
15755,15826,33815,31015,34841,,951.60903811294,0,951.60903811294
15755,15826,33815,31015,34899,,857.244113881147,0,857.244113881147
15755,15826,33815,31015,34932,,1423.83458245894,0,1423.83458245894
15755,15826,33815,31015,34934,,4770.3294279437,0,4770.3294279437
15755,15826,33815,31015,34953,,6590.11290336845,0,6590.11290336845
15755,15826,33815,31015,34954,,1538.95097977977,0,1538.95097977977
15755,15826,33815,31015,34956,,1122.70809955174,0,1122.70809955174
15755,15826,33815,31015,34957,,2184.93574533684,0,2184.93574533684
15755,15826,33815,31015,0,,29108.6798570615,29108.6798570615,0
15755,15826,33815,31016,31015,,6222.54157679836,0,0
15755,15826,33815,31016,31016,,16840.818629156,0,0
15755,15826,33815,31016,31017,,1120.57300429564,0,0
15755,15826,33815,31016,31059,,699.123454914175,0,0
15755,15826,33815,31016,31064,,1527.96962777803,0,0
15755,15826,33815,31016,31078,,933.070958408816,0,0
15755,15826,33815,31016,31079,,705.786924345309,0,0
15755,15826,33815,31016,31080,,704.963408314585,0,0
15755,15826,33815,31016,31081,,807.655603495375,0,0
15755,15826,33815,31016,31083,,1154.3769556607,0,0
15755,15826,33815,31016,31084,,2622.42019065866,0,0
15755,15826,33815,31016,31085,,2046.57191460461,0,0
15755,15826,33815,31016,31110,,3231.12026160672,0,0
15755,15826,33815,31016,31128,,894.836840071126,0,0
15755,15826,33815,31016,31131,,649.76241448194,0,0
15755,15826,33815,31016,31132,,2122.75092006385,0,0
15755,15826,33815,31016,31133,,6459.86345035225,0,0
15755,15826,33815,31016,31135,,5200.1829572194,0,0
15755,15826,33815,31016,31157,,1228.77583992054,0,0
15755,15826,33815,31016,33850,,1252.07004200282,0,0
15755,15826,33815,31016,34768,,2064.3284702311,0,2064.3284702311
15755,15826,33815,31016,34777,,710.9936112596,0,710.9936112596
15755,15826,33815,31016,34785,,1764.82112291274,0,1764.82112291274
15755,15826,33815,31016,34791,,86288.0022055374,0,86288.0022055374
15755,15826,33815,31016,34810,,2872.94464573402,0,2872.94464573402
15755,15826,33815,31016,34816,,3902.16858346458,0,3902.16858346458
15755,15826,33815,31016,34837,,1543.17599485473,0,1543.17599485473
15755,15826,33815,31016,34841,,8061.16002280305,0,8061.16002280305
15755,15826,33815,31016,34847,,1998.9091966239,0,1998.9091966239
15755,15826,33815,31016,34881,,626.976759047802,0,626.976759047802
15755,15826,33815,31016,34899,,2038.6079356316,0,2038.6079356316
15755,15826,33815,31016,34913,,1269.39838031499,0,1269.39838031499
15755,15826,33815,31016,34932,,3184.40422516499,0,3184.40422516499
15755,15826,33815,31016,34934,,14285.5582308387,0,14285.5582308387
15755,15826,33815,31016,34953,,9851.85715371962,0,9851.85715371962
15755,15826,33815,31016,34954,,3365.8671269465,0,3365.8671269465
15755,15826,33815,31016,34956,,1170.14755536806,0,1170.14755536806
15755,15826,33815,31016,34957,,6499.91798096738,0,6499.91798096738
15755,15826,33815,31016,0,,19286.6768852555,19286.6768852555,0
15755,15826,33815,31017,31017,,7191.65863819857,0,0
15755,15826,33815,31017,31085,,950.582612609806,0,0
15755,15826,33815,31017,33850,,1902.72043319849,0,0
15755,15826,33815,31017,34791,,4851.50756955112,0,4851.50756955112
15755,15826,33815,31017,34934,,3205.88566202256,0,3205.88566202256
15755,15826,33815,31017,0,,10611.3565597947,10611.3565597947,0
15755,15826,33815,31022,31022,,2096.16286904044,0,0
15755,15826,33815,31022,31023,,1629.4208623271,0,0
15755,15826,33815,31022,31059,,625.600457661454,0,0
15755,15826,33815,31022,0,,5568.14637814779,5568.14637814779,0
15755,15826,33815,31023,0,,1358.29766534481,1358.29766534481,0
15755,15826,33815,31050,31050,,1242.54747785556,0,0
15755,15826,33815,31050,31135,,988.078285349189,0,0
15755,15826,33815,31050,0,,2677.65025728184,2677.65025728184,0
15755,15826,33815,31056,31050,,1219.83665802381,0,0
15755,15826,33815,31056,31056,,2960.06707059447,0,0
15755,15826,33815,31056,31078,,787.913211487076,0,0
15755,15826,33815,31056,31080,,1003.46785803931,0,0
15755,15826,33815,31056,31081,,952.594408821727,0,0
15755,15826,33815,31056,31083,,1135.39257929134,0,0
15755,15826,33815,31056,31085,,1192.52464138361,0,0
15755,15826,33815,31056,31110,,1027.3984985751,0,0
15755,15826,33815,31056,0,,6795.39832028273,6795.39832028273,0
15755,15826,33815,31057,0,,1255.87550704604,1255.87550704604,0
15755,15826,33815,31077,0,,706.699779425487,706.699779425487,0
15755,15826,33815,31078,0,,773.391034123793,773.391034123793,0
15755,15826,33815,31080,34791,,1065.06840440633,0,1065.06840440633
15755,15826,33815,31080,0,,2079.11125164325,2079.11125164325,0
15755,15826,33815,31083,34791,,1369.67335529133,0,1369.67335529133
15755,15826,33815,31083,0,,989.489082917488,989.489082917488,0
15755,15826,33815,31085,31023,,800.507260548898,0,0
15755,15826,33815,31085,31059,,890.578717615366,0,0
15755,15826,33815,31085,31064,,2952.94189302045,0,0
15755,15826,33815,31085,31077,,652.649441622893,0,0
15755,15826,33815,31085,31078,,1724.58579239838,0,0
15755,15826,33815,31085,31080,,899.435477040235,0,0
15755,15826,33815,31085,31083,,936.795141154709,0,0
15755,15826,33815,31085,31085,,8409.61437321295,0,0
15755,15826,33815,31085,31110,,1009.50339921181,0,0
15755,15826,33815,31085,31133,,643.528555219348,0,0
15755,15826,33815,31085,34791,,9394.0684359745,0,9394.0684359745
15755,15826,33815,31085,34934,,2395.78754850062,0,2395.78754850062
15755,15826,33815,31085,34953,,666.283674193627,0,666.283674193627
15755,15826,33815,31085,0,,9599.33248775983,9599.33248775983,0
15755,15826,33815,31110,34791,,1069.39150740474,0,1069.39150740474
15755,15826,33815,31110,0,,67.9109601268283,67.9109601268283,0
15755,15826,33815,31128,0,,807.78187068917,807.78187068917,0
15755,15826,33815,31131,31078,,895.001152739257,0,0
15755,15826,33815,31131,31079,,991.626449251349,0,0
15755,15826,33815,31131,31080,,771.382734169858,0,0
15755,15826,33815,31131,31081,,4721.33939384926,0,0
15755,15826,33815,31131,31083,,2542.66059776494,0,0
15755,15826,33815,31131,34791,,25126.3425241887,0,25126.3425241887
15755,15826,33815,31131,0,,3228.9201042643,3228.9201042643,0
15755,15826,33815,31132,31110,,1107.84120627034,0,0
15755,15826,33815,31132,34791,,841.790873055725,0,841.790873055725
15755,15826,33815,31132,0,,4847.63527168629,4847.63527168629,0
15755,15826,33815,31133,34791,,4957.94158165935,0,4957.94158165935
15755,15826,33815,31133,0,,11.4185226921595,11.4185226921595,0
15755,15826,33815,31134,34791,,763.094403415561,0,763.094403415561
15755,15826,33815,31134,0,,9.283856305327,9.283856305327,0
15755,15826,33815,31135,34791,,5200.404772518,0,5200.404772518
15755,15826,33815,31135,0,,147.28117616011,147.28117616011,0
15755,15826,33815,31156,34791,,691.396543742994,0,691.396543742994
15755,15826,33815,31156,0,,0.484497130332762,0.484497130332762,0
15755,15826,33815,31415,31015,,1474.9089840295,0,0
15755,15826,33815,31415,31016,,885.764433127861,0,0
15755,15826,33815,31415,31415,,12955.0456538498,0,0
15755,15826,33815,31415,31416,,1280.33767107687,0,0
15755,15826,33815,31415,31456,,1487.4321757536,0,0
15755,15826,33815,31415,31485,,1882.76292765295,0,0
15755,15826,33815,31415,33815,,1097.52214535041,0,0
15755,15826,33815,31415,34847,,12054.4581991199,0,12054.4581991199
15755,15826,33815,31415,34953,,1399.10205874751,0,1399.10205874751
15755,15826,33815,31415,0,,12952.3878131686,12952.3878131686,0
15755,15826,33815,31416,34847,,2936.66212965167,0,2936.66212965167
15755,15826,33815,31416,0,,1470.44396833085,1470.44396833085,0
15755,15826,33815,31417,0,,884.265640127039,884.265640127039,0
15755,15826,33815,31422,0,,974.230324820149,974.230324820149,0
15755,15826,33815,31456,0,,3618.40550537443,3618.40550537443,0
15755,15826,33815,31481,0,,1161.64008248513,1161.64008248513,0
15755,15826,33815,31483,0,,767.837754049463,767.837754049463,0
15755,15826,33815,31485,0,,2193.06879938806,2193.06879938806,0
15755,15826,33815,31615,31616,,1511.68306723693,0,0
15755,15826,33815,31615,34777,,1727.00184150198,0,1727.00184150198
15755,15826,33815,31615,0,,1184.13316541578,1184.13316541578,0
15755,15826,33815,31616,34777,,10087.9092403215,0,10087.9092403215
15755,15826,33815,31616,0,,129.836171842555,129.836171842555,0
15755,15826,33815,31815,31815,,2546.36679344514,0,0
15755,15826,33815,31815,31816,,782.074779003558,0,0
15755,15826,33815,31815,34831,,6549.08013507755,0,6549.08013507755
15755,15826,33815,31815,0,,4111.37104131845,4111.37104131845,0
15755,15826,33815,31816,34831,,1402.31819103191,0,1402.31819103191
15755,15826,33815,31816,0,,1508.77467244398,1508.77467244398,0
15755,15826,33815,31918,0,,1088.66954970963,1088.66954970963,0
15755,15826,33815,32015,0,,2744.0990162497,2744.0990162497,0
15755,15826,33815,32016,34865,,2924.53323804166,0,2924.53323804166
15755,15826,33815,32016,34934,,761.939982760461,0,761.939982760461
15755,15826,33815,32016,0,,704.553889195156,704.553889195156,0
15755,15826,33815,32022,0,,705.511287696451,705.511287696451,0
15755,15826,33815,32056,0,,684.550109079274,684.550109079274,0
15755,15826,33815,32083,34865,,737.639850419495,0,737.639850419495
15755,15826,33815,32083,34934,,1216.52623533104,0,1216.52623533104
15755,15826,33815,32083,0,,1116.19669959653,1116.19669959653,0
15755,15826,33815,32085,0,,854.630305508015,854.630305508015,0
15755,15826,33815,32215,32216,,667.612200185455,0,0
15755,15826,33815,32215,34899,,1084.89144147853,0,1084.89144147853
15755,15826,33815,32215,0,,1857.30725895873,1857.30725895873,0
15755,15826,33815,32216,34899,,11497.0733145202,0,11497.0733145202
15755,15826,33815,32216,0,,849.375394922946,849.375394922946,0
15755,15826,33815,32217,34899,,648.248780676143,0,648.248780676143
15755,15826,33815,32217,0,,186.397477498501,186.397477498501,0
15755,15826,33815,32335,34899,,826.719572222997,0,826.719572222997
15755,15826,33815,32335,0,,10.6686448414365,10.6686448414365,0
15755,15826,33815,32415,34768,,2098.74265311843,0,2098.74265311843
15755,15826,33815,32415,0,,3034.03084447994,3034.03084447994,0
15755,15826,33815,32416,34768,,1519.34864674628,0,1519.34864674628
15755,15826,33815,32416,0,,917.646322817024,917.646322817024,0
15755,15826,33815,32456,0,,1213.28536258898,1213.28536258898,0
15755,15826,33815,32484,0,,805.880339882009,805.880339882009,0
15755,15826,33815,32485,34768,,926.39191242086,0,926.39191242086
15755,15826,33815,32485,0,,558.672079548512,558.672079548512,0
15755,15826,33815,32516,34768,,1613.36001964492,0,1613.36001964492
15755,15826,33815,32516,0,,1883.54582509809,1883.54582509809,0
15755,15826,33815,32532,0,,1006.61478417497,1006.61478417497,0
15755,15826,33815,32533,34768,,2457.20596838053,0,2457.20596838053
15755,15826,33815,32533,0,,54.7774106695283,54.7774106695283,0
15755,15826,33815,32535,34768,,4873.77480795364,0,4873.77480795364
15755,15826,33815,32535,0,,38.3236179777728,38.3236179777728,0
15755,15826,33815,32558,34768,,665.779186566674,0,665.779186566674
15755,15826,33815,32558,0,,34.2157736898912,34.2157736898912,0
15755,15826,33815,32615,0,,1047.11078677194,1047.11078677194,0
15755,15826,33815,32616,0,,1376.52179187539,1376.52179187539,0
15755,15826,33815,32650,0,,1161.38591817186,1161.38591817186,0
15755,15826,33815,32815,32815,,9193.60887930407,0,0
15755,15826,33815,32815,32816,,6782.66115917601,0,0
15755,15826,33815,32815,34928,,6847.19868406231,0,6847.19868406231
15755,15826,33815,32815,0,,5722.30256303204,5722.30256303204,0
15755,15826,33815,32816,32816,,1456.19796229672,0,0
15755,15826,33815,32816,34816,,1106.44718574484,0,1106.44718574484
15755,15826,33815,32816,34928,,24297.6784934289,0,24297.6784934289
15755,15826,33815,32816,34932,,647.487491238497,0,647.487491238497
15755,15826,33815,32816,34957,,631.825248590574,0,631.825248590574
15755,15826,33815,32816,0,,3323.16437457747,3323.16437457747,0
15755,15826,33815,32885,0,,735.674062546627,735.674062546627,0
15755,15826,33815,32979,0,,809.184026091227,809.184026091227,0
15755,15826,33815,33015,30615,,652.944799369902,0,0
15755,15826,33815,33015,30815,,644.580156596317,0,0
15755,15826,33815,33015,30816,,1056.4131349659,0,0
15755,15826,33815,33015,33015,,12894.0478859474,0,0
15755,15826,33815,33015,33016,,3467.97105615675,0,0
15755,15826,33815,33015,33085,,1191.58107963766,0,0
15755,15826,33815,33015,33815,,3204.06104235949,0,0
15755,15826,33815,33015,34615,,753.001176882555,0,0
15755,15826,33815,33015,34616,,923.915946083632,0,0
15755,15826,33815,33015,34785,,678.980637536965,0,678.980637536965
15755,15826,33815,33015,34816,,1030.09950745015,0,1030.09950745015
15755,15826,33815,33015,34831,,636.193843880228,0,636.193843880228
15755,15826,33815,33015,34841,,697.307110285653,0,697.307110285653
15755,15826,33815,33015,34921,,1858.50565574619,0,1858.50565574619
15755,15826,33815,33015,34932,,1001.23042212949,0,1001.23042212949
15755,15826,33815,33015,34934,,3210.93901223145,0,3210.93901223145
15755,15826,33815,33015,34953,,4084.48104642579,0,4084.48104642579
15755,15826,33815,33015,34954,,949.927305815094,0,949.927305815094
15755,15826,33815,33015,34956,,788.104061433521,0,788.104061433521
15755,15826,33815,33015,34957,,1336.27923409118,0,1336.27923409118
15755,15826,33815,33015,0,,23176.5343179836,23176.5343179836,0
15755,15826,33815,33016,33016,,662.525825811064,0,0
15755,15826,33815,33016,34921,,5624.16830418247,0,5624.16830418247
15755,15826,33815,33016,34934,,2735.56574299401,0,2735.56574299401
15755,15826,33815,33016,34953,,3898.25655502126,0,3898.25655502126
15755,15826,33815,33016,34954,,1361.00391260838,0,1361.00391260838
15755,15826,33815,33016,34957,,2754.36015011148,0,2754.36015011148
15755,15826,33815,33016,0,,4999.64906932381,4999.64906932381,0
15755,15826,33815,33017,0,,1457.36285749852,1457.36285749852,0
15755,15826,33815,33022,0,,936.578055533755,936.578055533755,0
15755,15826,33815,33056,0,,4863.8500629803,4863.8500629803,0
15755,15826,33815,33081,0,,1832.65339193604,1832.65339193604,0
15755,15826,33815,33085,34921,,1367.23118145352,0,1367.23118145352
15755,15826,33815,33085,34934,,1669.28583530293,0,1669.28583530293
15755,15826,33815,33085,0,,4413.14456664632,4413.14456664632,0
15755,15826,33815,33335,34881,,959.535512654417,0,959.535512654417
15755,15826,33815,33335,0,,3.30756580310142,3.30756580310142,0
15755,15826,33815,33357,34881,,1186.08276524179,0,1186.08276524179
15755,15826,33815,33357,0,,29.9708137733716,29.9708137733716,0
15755,15826,33815,33415,33415,,6993.38999321754,0,0
15755,15826,33815,33415,33416,,7792.53543022124,0,0
15755,15826,33815,33415,34832,,2208.76569150408,0,2208.76569150408
15755,15826,33815,33415,34934,,754.393495952487,0,754.393495952487
15755,15826,33815,33415,0,,9396.97835509251,9396.97835509251,0
15755,15826,33815,33416,34816,,689.043040210829,0,689.043040210829
15755,15826,33815,33416,34832,,12420.0736575988,0,12420.0736575988
15755,15826,33815,33416,34841,,787.105889458349,0,787.105889458349
15755,15826,33815,33416,34934,,5599.93027393864,0,5599.93027393864
15755,15826,33815,33416,0,,5642.56838274641,5642.56838274641,0
15755,15826,33815,33417,0,,1328.25896102259,1328.25896102259,0
15755,15826,33815,33764,34953,,2068.36889118876,0,2068.36889118876
15755,15826,33815,33764,0,,5088.40991021984,5088.40991021984,0
15755,15826,33815,33768,0,,1378.87205400877,1378.87205400877,0
15755,15826,33815,33779,0,,899.230563126344,899.230563126344,0
15755,15826,33815,33812,0,,784.723775250097,784.723775250097,0
15755,15826,33815,33814,0,,636.718357427055,636.718357427055,0
15755,15826,33815,33822,0,,1589.45749770465,1589.45749770465,0
15755,15826,33815,33823,0,,1449.99003220899,1449.99003220899,0
15755,15826,33815,33863,0,,879.573620752792,879.573620752792,0
15755,15826,33815,33877,0,,2018.33126196144,2018.33126196144,0
15755,15826,33815,33878,34953,,2328.16069580525,0,2328.16069580525
15755,15826,33815,33878,0,,2695.32061138366,2695.32061138366,0
15755,15826,33815,33880,0,,1977.64897410304,1977.64897410304,0
15755,15826,33815,33883,33483,,690.859697008406,0,0
15755,15826,33815,33883,34083,,626.706223872077,0,0
15755,15826,33815,33883,34683,,781.358744784362,0,0
15755,15826,33815,33883,34768,,2564.62957343335,0,2564.62957343335
15755,15826,33815,33883,34832,,769.918619733761,0,769.918619733761
15755,15826,33815,33883,34953,,16292.6268037322,0,16292.6268037322
15755,15826,33815,33883,34954,,703.978869720346,0,703.978869720346
15755,15826,33815,33883,34957,,1586.5731338424,0,1586.5731338424
15755,15826,33815,33883,0,,6987.27884716542,6987.27884716542,0
15755,15826,33815,33884,0,,1091.75988477435,1091.75988477435,0
15755,15826,33815,33910,33910,,1578.89704082051,0,0
15755,15826,33815,33910,33928,,835.73015424693,0,0
15755,15826,33815,33910,33933,,763.998199081289,0,0
15755,15826,33815,33910,34953,,36623.000605723,0,36623.000605723
15755,15826,33815,33910,0,,2889.85526290374,2889.85526290374,0
15755,15826,33815,33912,0,,1716.38398300669,1716.38398300669,0
15755,15826,33815,33914,33910,,2408.48030619636,0,0
15755,15826,33815,33914,33914,,2267.58777378188,0,0
15755,15826,33815,33914,33933,,665.115556201483,0,0
15755,15826,33815,33914,33935,,1345.37856160025,0,0
15755,15826,33815,33914,34953,,3837.06571517177,0,3837.06571517177
15755,15826,33815,33914,0,,8742.74794697766,8742.74794697766,0
15755,15826,33815,33915,33910,,1374.18507150412,0,0
15755,15826,33815,33915,33935,,717.942369687509,0,0
15755,15826,33815,33915,34953,,2163.49843009453,0,2163.49843009453
15755,15826,33815,33915,0,,5015.53672797773,5015.53672797773,0
15755,15826,33815,33916,34953,,6244.55218962592,0,6244.55218962592
15755,15826,33815,33916,0,,7367.66865033353,7367.66865033353,0
15755,15826,33815,33918,0,,3321.70825922402,3321.70825922402,0
15755,15826,33815,33919,0,,738.301842006071,738.301842006071,0
15755,15826,33815,33920,33920,,1099.46281640543,0,0
15755,15826,33815,33920,0,,3942.99332620216,3942.99332620216,0
15755,15826,33815,33923,0,,2369.44286712234,2369.44286712234,0
15755,15826,33815,33924,0,,1656.41557213744,1656.41557213744,0
15755,15826,33815,33925,0,,688.566197975688,688.566197975688,0
15755,15826,33815,33928,34953,,4012.46256430079,0,4012.46256430079
15755,15826,33815,33928,0,,1977.12296634483,1977.12296634483,0
15755,15826,33815,33929,0,,2999.39427716663,2999.39427716663,0
15755,15826,33815,33931,0,,2633.06168589961,2633.06168589961,0
15755,15826,33815,33932,33910,,724.212761551301,0,0
15755,15826,33815,33932,33932,,1727.4004356139,0,0
15755,15826,33815,33932,33933,,982.640040174459,0,0
15755,15826,33815,33932,33935,,627.499048942161,0,0
15755,15826,33815,33932,34953,,2115.58506582278,0,2115.58506582278
15755,15826,33815,33932,0,,8583.14029178434,8583.14029178434,0
15755,15826,33815,33933,34934,,2165.88616605399,0,2165.88616605399
15755,15826,33815,33933,34953,,20747.1669278035,0,20747.1669278035
15755,15826,33815,33933,0,,350.527872865473,350.527872865473,0
15755,15826,33815,33934,34953,,4349.58242165418,0,4349.58242165418
15755,15826,33815,33934,0,,910.655842582742,910.655842582742,0
15755,15826,33815,33935,33935,,988.212626107543,0,0
15755,15826,33815,33935,34932,,1208.88527348502,0,1208.88527348502
15755,15826,33815,33935,34953,,36325.8612703625,0,36325.8612703625
15755,15826,33815,33935,0,,4857.54665218084,4857.54665218084,0
15755,15826,33815,33956,34953,,3752.95021752496,0,3752.95021752496
15755,15826,33815,33956,0,,680.925761377807,680.925761377807,0
15755,15826,33815,33957,34953,,3698.05357288792,0,3698.05357288792
15755,15826,33815,33957,0,,2363.08575936198,2363.08575936198,0
15755,15826,33815,33958,33932,,701.696458073707,0,0
15755,15826,33815,33958,33933,,981.505187179083,0,0
15755,15826,33815,33958,33935,,928.674930134937,0,0
15755,15826,33815,33958,33958,,1323.45290831922,0,0
15755,15826,33815,33958,34953,,17097.6560133766,0,17097.6560133766
15755,15826,33815,33958,0,,9030.73268429288,9030.73268429288,0
15755,15826,33815,34015,34016,,1712.93913550355,0,0
15755,15826,33815,34015,34934,,2413.3461805416,0,2413.3461805416
15755,15826,33815,34015,34954,,5907.50811222532,0,5907.50811222532
15755,15826,33815,34015,0,,5335.81816564612,5335.81816564612,0
15755,15826,33815,34016,34934,,9469.19883980488,0,9469.19883980488
15755,15826,33815,34016,34954,,13803.7465957828,0,13803.7465957828
15755,15826,33815,34016,0,,1339.47711345068,1339.47711345068,0
15755,15826,33815,34017,0,,655.308347397505,655.308347397505,0
15755,15826,33815,34056,0,,807.422826545062,807.422826545062,0
15755,15826,33815,34083,0,,761.158857106817,761.158857106817,0
15755,15826,33815,34085,34954,,1658.84983145292,0,1658.84983145292
15755,15826,33815,34085,0,,325.841850764372,325.841850764372,0
15755,15826,33815,34133,34954,,1184.8955605775,0,1184.8955605775
15755,15826,33815,34133,0,,5.45208914286175,5.45208914286175,0
15755,15826,33815,34135,34954,,1643.10576765097,0,1643.10576765097
15755,15826,33815,34135,0,,74.7405614857695,74.7405614857695,0
15755,15826,33815,34215,34955,,876.347025950859,0,876.347025950859
15755,15826,33815,34215,0,,605.045265443518,605.045265443518,0
15755,15826,33815,34415,34956,,3667.63304344688,0,3667.63304344688
15755,15826,33815,34415,0,,4213.31544195259,4213.31544195259,0
15755,15826,33815,34416,34810,,793.679793247633,0,793.679793247633
15755,15826,33815,34416,34956,,6342.75021061076,0,6342.75021061076
15755,15826,33815,34416,0,,2365.03869408481,2365.03869408481,0
15755,15826,33815,34483,0,,760.564090035005,760.564090035005,0
15755,15826,33815,34485,34956,,1087.83429455236,0,1087.83429455236
15755,15826,33815,34485,0,,142.193217222193,142.193217222193,0
15755,15826,33815,34510,34956,,1266.79776164295,0,1266.79776164295
15755,15826,33815,34510,0,,198.567371444048,198.567371444048,0
15755,15826,33815,34533,34956,,989.765268575343,0,989.765268575343
15755,15826,33815,34533,0,,70.2117053709904,70.2117053709904,0
15755,15826,33815,34535,34956,,1203.88884310366,0,1203.88884310366
15755,15826,33815,34535,0,,32.307823090779,32.307823090779,0
15755,15826,33815,34615,30615,,644.921195568055,0,0
15755,15826,33815,34615,32815,,738.116650182915,0,0
15755,15826,33815,34615,32816,,813.543164308572,0,0
15755,15826,33815,34615,34816,,1019.01909437482,0,1019.01909437482
15755,15826,33815,34615,34928,,901.2748763065,0,901.2748763065
15755,15826,33815,34615,34932,,1045.04979158824,0,1045.04979158824
15755,15826,33815,34615,34934,,3171.48192106507,0,3171.48192106507
15755,15826,33815,34615,34956,,655.864500182972,0,655.864500182972
15755,15826,33815,34615,34957,,10224.6020096996,0,10224.6020096996
15755,15826,33815,34615,0,,14654.1429773316,14654.1429773316,0
15755,15826,33815,34616,34816,,986.985316946941,0,986.985316946941
15755,15826,33815,34616,34928,,858.262778915083,0,858.262778915083
15755,15826,33815,34616,34932,,1249.80368378067,0,1249.80368378067
15755,15826,33815,34616,34934,,11467.3940006586,0,11467.3940006586
15755,15826,33815,34616,34957,,22074.6416106209,0,22074.6416106209
15755,15826,33815,34616,0,,4918.22642815282,4918.22642815282,0
15755,15826,33815,34617,34957,,1228.43880596631,0,1228.43880596631
15755,15826,33815,34617,0,,1493.33094872936,1493.33094872936,0
15755,15826,33815,34622,0,,1101.73500639808,1101.73500639808,0
15755,15826,33815,34650,0,,2775.88372390112,2775.88372390112,0
15755,15826,33815,34656,0,,2506.19739110254,2506.19739110254,0
15755,15826,33815,34678,0,,889.419105019187,889.419105019187,0
15755,15826,33815,34682,0,,683.504700375735,683.504700375735,0
15755,15826,33815,34683,34957,,2047.37128713835,0,2047.37128713835
15755,15826,33815,34683,0,,755.534833198249,755.534833198249,0
15755,15826,33815,34710,34957,,3988.76290846486,0,3988.76290846486
15755,15826,33815,34710,0,,652.474621213615,652.474621213615,0
15755,15826,33815,34716,34957,,658.654266156907,0,658.654266156907
15755,15826,33815,34716,0,,548.613649770488,548.613649770488,0
15755,15826,33815,34732,0,,784.646328698335,784.646328698335,0
15755,15826,33815,34733,34957,,3932.41509514728,0,3932.41509514728
15755,15826,33815,34733,0,,42.0873988045513,42.0873988045513,0
15755,15826,33815,34734,34957,,667.525206515225,0,667.525206515225
15755,15826,33815,34734,0,,17.1297068777375,17.1297068777375,0
15755,15826,33815,34735,34957,,3590.17773462651,0,3590.17773462651
15755,15826,33815,34735,0,,108.59565158948,108.59565158948,0
15755,15826,33815,34756,34957,,649.952826751631,0,649.952826751631
15755,15826,33815,34756,0,,11.2572677133409,11.2572677133409,0
15755,15826,33815,34758,34957,,772.553816289206,0,772.553816289206
15755,15826,33815,34758,0,,132.952992676588,132.952992676588,0
15755,15793,15793,15816,15827,15845,704.543143318024,0,0
15755,15793,15793,15816,15827,0,191.115884011446,191.115884011446,0
15755,15793,15793,15816,15828,15845,706.543684141987,0,0
15755,15793,15793,15816,15828,0,156.86742980712,156.86742980712,0
15755,15793,15793,15816,15832,15848,663.664120523042,0,0
15755,15793,15793,15816,15832,0,304.5317734958,304.5317734958,0
15755,15793,15793,15816,15841,34882,907.903088687265,0,907.903088687265
15755,15793,15793,15816,15841,0,53.7750707850966,53.7750707850966,0
15755,15793,15793,15827,15845,34882,651.13557682545,0,651.13557682545
15755,15793,15793,15827,15845,0,21.247051594038,21.247051594038,0
15755,15793,15793,15828,15845,34882,652.984467579306,0,652.984467579306
15755,15793,15793,15828,15845,0,21.3073823126119,21.3073823126119,0
15755,15793,15793,15832,15848,34882,631.795648948791,0,631.795648948791
15755,15793,15793,15832,15848,0,1.57397500845157,1.57397500845157,0
15755,15793,15816,15827,15845,34882,78370.7085521263,0,78370.7085521263
15755,15793,15816,15827,15845,34952,1221.85050960191,0,1221.85050960191
15755,15793,15816,15827,15845,0,1335.44561632413,1335.44561632413,0
15755,15793,15816,15827,15850,34882,4007.70337413477,0,4007.70337413477
15755,15793,15816,15827,15850,0,149.374601708672,149.374601708672,0
15755,15793,15816,15827,15851,34882,2507.15682643799,0,2507.15682643799
15755,15793,15816,15827,15851,0,45.2250396940655,45.2250396940655,0
15755,15793,15816,15827,15852,33817,14478.9000033256,0,0
15755,15793,15816,15827,15852,0,39.9996968100394,39.9996968100394,0
15755,15793,15816,15828,15845,34882,78593.241129937,0,78593.241129937
15755,15793,15816,15828,15845,34952,1225.31993776741,0,1225.31993776741
15755,15793,15816,15828,15845,0,1339.2375962745,1339.2375962745,0
15755,15793,15816,15828,15850,34882,4019.0831942158,0,4019.0831942158
15755,15793,15816,15828,15850,0,149.798748890595,149.798748890595,0
15755,15793,15816,15828,15851,34882,2514.27586468417,0,2514.27586468417
15755,15793,15816,15828,15851,0,45.3534555888639,45.3534555888639,0
15755,15793,15816,15828,15852,33817,11262.9484880845,0,0
15755,15793,15816,15828,15852,0,31.1152452608274,31.1152452608274,0
15755,15793,15816,15830,15846,34882,644.774626214231,0,644.774626214231
15755,15793,15816,15830,15846,0,15.2564619436789,15.2564619436789,0
15755,15793,15816,15832,15843,34882,22587.7066074936,0,22587.7066074936
15755,15793,15816,15832,15843,0,406.769961154593,406.769961154593,0
15755,15793,15816,15832,15848,34882,76042.9539262305,0,76042.9539262305
15755,15793,15816,15832,15848,0,189.443705805613,189.443705805613,0
15755,15793,15816,15832,15850,34882,6917.3969105303,0,6917.3969105303
15755,15793,15816,15832,15850,0,257.824322787946,257.824322787946,0
15755,15793,15816,15832,15851,34882,4327.41579562667,0,4327.41579562667
15755,15793,15816,15832,15851,0,78.0595569715482,78.0595569715482,0
15755,15793,15816,15841,15827,15845,1448.316207159,0,0
15755,15793,15816,15841,15827,0,392.873360395979,392.873360395979,0
15755,15793,15816,15841,15828,15845,1452.4286816411,0,0
15755,15793,15816,15841,15828,0,322.469451473287,322.469451473287,0
15755,15793,15816,15841,15841,34882,1619.99645753458,0,1619.99645753458
15755,15793,15816,15841,15841,0,95.9523381526189,95.9523381526189,0
15755,15793,15826,33815,31015,31015,1301.48432799728,0,0
15755,15793,15826,33815,31015,31016,781.55554511938,0,0
15755,15793,15826,33815,31015,0,1210.67032950243,1210.67032950243,0
15755,15793,15826,33815,31016,34791,751.206217753311,0,751.206217753311
15755,15793,15826,33815,31016,0,1226.84895859918,1226.84895859918,0
15755,15793,15827,15852,33817,34934,972.94855575168,0,972.94855575168
15755,15793,15827,15852,33817,34953,8651.29996835223,0,8651.29996835223
15755,15793,15827,15852,33817,0,4193.72832116158,4193.72832116158,0
15755,15793,15828,15852,33817,34934,756.844060147552,0,756.844060147552
15755,15793,15828,15852,33817,34953,6729.7340182015,0,6729.7340182015
15755,15793,15828,15852,33817,0,3262.24685876793,3262.24685876793,0
15755,15793,15841,15827,15845,34882,1338.52726822783,0,1338.52726822783
15755,15793,15841,15827,15845,0,43.6771679205717,43.6771679205717,0
15755,15793,15841,15828,15845,34882,1342.32799848754,0,1342.32799848754
15755,15793,15841,15828,15845,0,43.8011886541901,43.8011886541901,0
15755,15826,31015,31015,31015,31015,2548.02344316861,0,0
15755,15826,31015,31015,31015,31016,1530.11589019054,0,0
15755,15826,31015,31015,31015,0,2370.22937207993,2370.22937207993,0
15755,15826,31015,31015,31016,34791,1470.58976726031,0,1470.58976726031
15755,15826,31015,31015,31016,0,2401.72602655747,2401.72602655747,0
15755,15826,31015,31015,31085,0,692.796302404537,692.796302404537,0
15755,15826,31015,31015,31131,0,647.046786780527,647.046786780527,0
15755,15826,31015,31016,31016,0,726.358070899487,726.358070899487,0
15755,15826,33015,33015,33015,0,1703.44650928513,1703.44650928513,0
15755,15826,33415,33415,33415,33415,772.156176350162,0,0
15755,15826,33415,33415,33415,33416,860.391650931575,0,0
15755,15826,33415,33415,33415,0,1364.71104189426,1364.71104189426,0
15755,15826,33415,33415,33416,34832,1650.04687135131,0,1650.04687135131
15755,15826,33415,33415,33416,34934,743.968810736052,0,743.968810736052
15755,15826,33415,33415,33416,0,945.744570701417,945.744570701417,0
15755,15826,33815,27015,27015,0,681.933404522658,681.933404522658,0
15755,15826,33815,28015,28015,34837,876.213343214011,0,876.213343214011
15755,15826,33815,28015,28015,0,2472.36321976654,2472.36321976654,0
15755,15826,33815,28015,28016,34837,1848.51600597963,0,1848.51600597963
15755,15826,33815,28015,28016,0,1265.53201257645,1265.53201257645,0
15755,15826,33815,28016,28016,0,869.102443677138,869.102443677138,0
15755,15826,33815,30615,30615,34934,1648.33326323874,0,1648.33326323874
15755,15826,33815,30615,30615,0,1492.52222416639,1492.52222416639,0
15755,15826,33815,30615,30616,34934,1911.17238682011,0,1911.17238682011
15755,15826,33815,30615,30616,0,298.758820258698,298.758820258698,0
15755,15826,33815,30615,30656,0,759.868073082433,759.868073082433,0
15755,15826,33815,30615,30683,0,1123.48298983389,1123.48298983389,0
15755,15826,33815,30615,30685,34934,1389.77909745243,0,1389.77909745243
15755,15826,33815,30615,30685,0,344.966417359813,344.966417359813,0
15755,15826,33815,30615,30733,34934,844.230446044353,0,844.230446044353
15755,15826,33815,30615,30733,0,3.62306705810955,3.62306705810955,0
15755,15826,33815,30615,32016,0,827.673889446223,827.673889446223,0
15755,15826,33815,30615,34015,0,669.903602961789,669.903602961789,0
15755,15826,33815,30615,34016,0,1072.76299355287,1072.76299355287,0
15755,15826,33815,30618,30710,34934,775.311986616295,0,775.311986616295
15755,15826,33815,30618,30710,0,71.2799847472895,71.2799847472895,0
15755,15826,33815,30622,30611,34934,704.97547078441,0,704.97547078441
15755,15826,33815,30622,30611,0,355.90327516399,355.90327516399,0
15755,15826,33815,30622,30622,0,1832.96631284152,1832.96631284152,0
15755,15826,33815,30622,30733,34934,1311.8995551752,0,1311.8995551752
15755,15826,33815,30622,30733,0,5.63009790060818,5.63009790060818,0
15755,15826,33815,30650,30650,0,635.151848062514,635.151848062514,0
15755,15826,33815,30656,30611,0,928.181861417389,928.181861417389,0
15755,15826,33815,30656,30612,34934,839.832734694909,0,839.832734694909
15755,15826,33815,30656,30612,0,134.605265974186,134.605265974186,0
15755,15826,33815,30656,30650,0,998.48077955301,998.48077955301,0
15755,15826,33815,30656,30656,0,1995.77095379772,1995.77095379772,0
15755,15826,33815,30656,30678,34934,1069.02726818208,0,1069.02726818208
15755,15826,33815,30656,30678,0,758.058476030856,758.058476030856,0
15755,15826,33815,30656,30682,0,760.296301175323,760.296301175323,0
15755,15826,33815,30656,30683,34934,1807.99207919616,0,1807.99207919616
15755,15826,33815,30656,30683,0,1452.3348646419,1452.3348646419,0
15755,15826,33815,30656,30685,34934,876.787198320291,0,876.787198320291
15755,15826,33815,30656,30685,0,217.63324771968,217.63324771968,0
15755,15826,33815,30656,30710,34934,3193.51311678296,0,3193.51311678296
15755,15826,33815,30656,30710,0,293.602537022577,293.602537022577,0
15755,15826,33815,30656,30733,34934,2424.98906203289,0,2424.98906203289
15755,15826,33815,30656,30733,0,10.4069902099524,10.4069902099524,0
15755,15826,33815,30656,30735,34934,734.38462120599,0,734.38462120599
15755,15826,33815,30656,30735,0,24.3884170454616,24.3884170454616,0
15755,15826,33815,30656,32083,0,680.301038934747,680.301038934747,0
15755,15826,33815,30660,30710,0,680.152567144501,680.152567144501,0
15755,15826,33815,30663,30710,0,636.959436236905,636.959436236905,0
15755,15826,33815,30683,30683,34934,920.064868176227,0,920.064868176227
15755,15826,33815,30683,30683,0,739.075298592342,739.075298592342,0
15755,15826,33815,30684,30733,34934,696.76942347081,0,696.76942347081
15755,15826,33815,30684,30733,0,2.99022897966232,2.99022897966232,0
15755,15826,33815,30685,30710,34934,754.613254112599,0,754.613254112599
15755,15826,33815,30685,30710,0,69.3770019963188,69.3770019963188,0
15755,15826,33815,30731,30733,34934,1141.66690003529,0,1141.66690003529
15755,15826,33815,30731,30733,0,4.89953395572587,4.89953395572587,0
15755,15826,33815,30756,30728,0,743.496637163368,743.496637163368,0
15755,15826,33815,30815,30815,0,2322.23807681585,2322.23807681585,0
15755,15826,33815,30815,30816,34841,1655.26846968056,0,1655.26846968056
15755,15826,33815,30815,30816,0,1099.37822517023,1099.37822517023,0
15755,15826,33815,30815,30910,0,750.930063125744,750.930063125744,0
15755,15826,33815,30815,30935,34841,1673.8101259145,0,1673.8101259145
15755,15826,33815,30815,30935,0,12.4624924140853,12.4624924140853,0
15755,15826,33815,30815,31015,0,1276.28459973688,1276.28459973688,0
15755,15826,33815,30815,31016,0,766.479502965711,766.479502965711,0
15755,15826,33815,30816,30881,0,704.489028074907,704.489028074907,0
15755,15826,33815,30816,30910,34841,841.08922922108,0,841.08922922108
15755,15826,33815,30816,30910,0,192.820935856713,192.820935856713,0
15755,15826,33815,30816,30932,0,740.685832294849,740.685832294849,0
15755,15826,33815,30816,30933,34841,1116.22849062881,0,1116.22849062881
15755,15826,33815,30816,30933,0,391.084769876135,391.084769876135,0
15755,15826,33815,30816,30935,34841,1892.94861852442,0,1892.94861852442
15755,15826,33815,30816,30935,0,14.0941062748828,14.0941062748828,0
15755,15826,33815,30816,30958,34841,1030.77469173592,0,1030.77469173592
15755,15826,33815,30816,30958,0,379.5723393937,379.5723393937,0
15755,15826,33815,30856,30856,0,845.816381945719,845.816381945719,0
15755,15826,33815,30883,30883,30883,724.507778475836,0,0
15755,15826,33815,30883,30883,0,1027.63963237694,1027.63963237694,0
15755,15826,33815,31015,30615,0,970.047010981861,970.047010981861,0
15755,15826,33815,31015,30656,0,654.699146625725,654.699146625725,0
15755,15826,33815,31015,30685,0,698.018079142266,698.018079142266,0
15755,15826,33815,31015,30815,0,879.65301623446,879.65301623446,0
15755,15826,33815,31015,30816,34841,866.304946880633,0,866.304946880633
15755,15826,33815,31015,30816,0,575.373005891681,575.373005891681,0
15755,15826,33815,31015,31015,31015,59072.2809789388,0,0
15755,15826,33815,31015,31015,31016,35473.5495224773,0,0
15755,15826,33815,31015,31015,31017,4476.07380797782,0,0
15755,15826,33815,31015,31015,31022,1611.15800682786,0,0
15755,15826,33815,31015,31015,31050,860.445645473797,0,0
15755,15826,33815,31015,31015,31056,2833.7156999758,0,0
15755,15826,33815,31015,31015,31085,6346.57534428685,0,0
15755,15826,33815,31015,31015,31131,5927.47272081059,0,0
15755,15826,33815,31015,31015,31132,1320.77221994444,0,0
15755,15826,33815,31015,31015,31133,768.919211162254,0,0
15755,15826,33815,31015,31015,31135,880.106306271486,0,0
15755,15826,33815,31015,31015,33815,2042.72690579322,0,0
15755,15826,33815,31015,31015,34791,853.820282021758,0,853.820282021758
15755,15826,33815,31015,31015,34934,1884.9590910931,0,1884.9590910931
15755,15826,33815,31015,31015,34953,2604.0325759827,0,2604.0325759827
15755,15826,33815,31015,31015,34957,863.360604091925,0,863.360604091925
15755,15826,33815,31015,31015,0,21676.241186224,21676.241186224,0
15755,15826,33815,31015,31016,31015,2458.60779427318,0,0
15755,15826,33815,31015,31016,31016,6654.02833111926,0,0
15755,15826,33815,31015,31016,31084,1036.15261401437,0,0
15755,15826,33815,31015,31016,31085,808.627407095032,0,0
15755,15826,33815,31015,31016,31110,1276.65799599328,0,0
15755,15826,33815,31015,31016,31132,838.726731345498,0,0
15755,15826,33815,31015,31016,31133,2552.37677932049,0,0
15755,15826,33815,31015,31016,31135,2054.66049402348,0,0
15755,15826,33815,31015,31016,34768,815.643255124959,0,815.643255124959
15755,15826,33815,31015,31016,34785,697.303973744394,0,697.303973744394
15755,15826,33815,31015,31016,34791,34093.5214584698,0,34093.5214584698
15755,15826,33815,31015,31016,34810,1135.13811219103,0,1135.13811219103
15755,15826,33815,31015,31016,34816,1541.79798969061,0,1541.79798969061
15755,15826,33815,31015,31016,34841,3185.07005832565,0,3185.07005832565
15755,15826,33815,31015,31016,34847,789.795242058071,0,789.795242058071
15755,15826,33815,31015,31016,34899,805.480734544142,0,805.480734544142
15755,15826,33815,31015,31016,34932,1258.19987724942,0,1258.19987724942
15755,15826,33815,31015,31016,34934,5644.411431953,0,5644.411431953
15755,15826,33815,31015,31016,34953,3892.59798223216,0,3892.59798223216
15755,15826,33815,31015,31016,34954,1329.89824988143,0,1329.89824988143
15755,15826,33815,31015,31016,34957,2568.20284973737,0,2568.20284973737
15755,15826,33815,31015,31016,0,14337.2066117433,14337.2066117433,0
15755,15826,33815,31015,31017,31017,2837.15729435226,0,0
15755,15826,33815,31015,31017,33850,750.635900248238,0,0
15755,15826,33815,31015,31017,34791,1913.95209116948,0,1913.95209116948
15755,15826,33815,31015,31017,34934,1264.7432739028,0,1264.7432739028
15755,15826,33815,31015,31017,0,4561.26211074745,4561.26211074745,0
15755,15826,33815,31015,31022,31022,861.642746248152,0,0
15755,15826,33815,31015,31022,31023,669.785104652793,0,0
15755,15826,33815,31015,31022,0,2545.9839557293,2545.9839557293,0
15755,15826,33815,31015,31050,0,2177.55876143146,2177.55876143146,0
15755,15826,33815,31015,31056,31056,1243.23693371725,0,0
15755,15826,33815,31015,31056,0,5928.14278369699,5928.14278369699,0
15755,15826,33815,31015,31080,0,1415.7425543507,1415.7425543507,0
15755,15826,33815,31015,31083,34791,635.343569483814,0,635.343569483814
15755,15826,33815,31015,31083,0,458.989381283791,458.989381283791,0
15755,15826,33815,31015,31085,31064,1157.484896179,0,0
15755,15826,33815,31015,31085,31078,675.997726736236,0,0
15755,15826,33815,31015,31085,31085,3296.37425060446,0,0
15755,15826,33815,31015,31085,34791,3682.25746467035,0,3682.25746467035
15755,15826,33815,31015,31085,34934,939.09328469945,0,939.09328469945
15755,15826,33815,31015,31085,0,6310.28425487677,6310.28425487677,0
15755,15826,33815,31015,31129,0,706.964240085623,706.964240085623,0
15755,15826,33815,31015,31131,31081,1850.29185854634,0,0
15755,15826,33815,31015,31131,31083,996.468122842438,0,0
15755,15826,33815,31015,31131,34791,9847.00804778391,0,9847.00804778391
15755,15826,33815,31015,31131,0,2307.08673050212,2307.08673050212,0
15755,15826,33815,31015,31132,0,3342.52272008607,3342.52272008607,0
15755,15826,33815,31015,31133,34791,1941.45840416004,0,1941.45840416004
15755,15826,33815,31015,31133,0,4.47132877196302,4.47132877196302,0
15755,15826,33815,31015,31135,34791,2165.97195241592,0,2165.97195241592
15755,15826,33815,31015,31135,0,61.342705161615,61.342705161615,0
15755,15826,33815,31015,31415,0,805.428117444861,805.428117444861,0
15755,15826,33815,31015,33815,34953,1384.80301125343,0,1384.80301125343
15755,15826,33815,31015,33815,0,3784.79473651883,3784.79473651883,0
15755,15826,33815,31015,33816,0,744.69033401242,744.69033401242,0
15755,15826,33815,31015,33885,0,685.487087666742,685.487087666742,0
15755,15826,33815,31015,33910,0,706.524904648328,706.524904648328,0
15755,15826,33815,31015,33914,0,647.846916419371,647.846916419371,0
15755,15826,33815,31015,33916,0,832.814893011967,832.814893011967,0
15755,15826,33815,31015,33935,0,631.990930668424,631.990930668424,0
15755,15826,33815,31015,34016,0,805.811491212244,805.811491212244,0
15755,15826,33815,31015,34615,0,1231.22409274664,1231.22409274664,0
15755,15826,33815,31015,34616,34957,802.492547681559,0,802.492547681559
15755,15826,33815,31015,34616,0,708.192438494225,708.192438494225,0
15755,15826,33815,31016,31015,31015,2458.78958509305,0,0
15755,15826,33815,31016,31015,31016,1476.52998439738,0,0
15755,15826,33815,31016,31015,0,2287.22200730794,2287.22200730794,0
15755,15826,33815,31016,31016,31016,1248.23614851633,0,0
15755,15826,33815,31016,31016,34791,6395.63942276165,0,6395.63942276165
15755,15826,33815,31016,31016,34934,1058.84105625343,0,1058.84105625343
15755,15826,33815,31016,31016,34953,730.216535198703,0,730.216535198703
15755,15826,33815,31016,31016,0,7407.88546642586,7407.88546642586,0
15755,15826,33815,31016,31017,0,1120.57300429564,1120.57300429564,0
15755,15826,33815,31016,31059,0,699.12345491418,699.12345491418,0
15755,15826,33815,31016,31064,0,1527.96962777804,1527.96962777804,0
15755,15826,33815,31016,31078,0,933.070958408818,933.070958408818,0
15755,15826,33815,31016,31079,0,705.786924345309,705.786924345309,0
15755,15826,33815,31016,31080,0,704.963408314585,704.963408314585,0
15755,15826,33815,31016,31081,0,807.655603495375,807.655603495375,0
15755,15826,33815,31016,31083,34791,670.203684376747,0,670.203684376747
15755,15826,33815,31016,31083,0,484.173271283951,484.173271283951,0
15755,15826,33815,31016,31084,31084,975.717906824445,0,0
15755,15826,33815,31016,31084,34791,951.484277618231,0,951.484277618231
15755,15826,33815,31016,31084,0,695.218006215984,695.218006215984,0
15755,15826,33815,31016,31085,0,2046.57191460462,2046.57191460462,0
15755,15826,33815,31016,31110,34791,3038.18259944969,0,3038.18259944969
15755,15826,33815,31016,31110,0,192.937662157029,192.937662157029,0
15755,15826,33815,31016,31128,34791,672.769184432972,0,672.769184432972
15755,15826,33815,31016,31128,0,222.067655638154,222.067655638154,0
15755,15826,33815,31016,31131,0,649.76241448194,649.76241448194,0
15755,15826,33815,31016,31132,0,2122.75092006384,2122.75092006384,0
15755,15826,33815,31016,31133,34791,6445.02007095386,0,6445.02007095386
15755,15826,33815,31016,31133,0,14.8433793983873,14.8433793983873,0
15755,15826,33815,31016,31135,34791,5056.9641763229,0,5056.9641763229
15755,15826,33815,31016,31135,0,143.218780896502,143.218780896502,0
15755,15826,33815,31016,31157,34791,709.581801944981,0,709.581801944981
15755,15826,33815,31016,31157,0,519.194037975564,519.194037975564,0
15755,15826,33815,31016,33850,0,1252.07004200282,1252.07004200282,0
15755,15826,33815,31017,31017,31017,1801.22844839236,0,0
15755,15826,33815,31017,31017,34791,1215.11238109256,0,1215.11238109256
15755,15826,33815,31017,31017,34934,802.948630800788,0,802.948630800788
15755,15826,33815,31017,31017,0,3372.36917791286,3372.36917791286,0
15755,15826,33815,31017,31085,0,950.582612609808,950.582612609808,0
15755,15826,33815,31017,33850,0,1902.72043319849,1902.72043319849,0
15755,15826,33815,31022,31022,0,2096.16286904044,2096.16286904044,0
15755,15826,33815,31022,31023,0,1629.42086232711,1629.42086232711,0
15755,15826,33815,31022,31059,0,625.600457661458,625.600457661458,0
15755,15826,33815,31050,31050,0,1242.54747785556,1242.54747785556,0
15755,15826,33815,31050,31135,34791,960.865518294222,0,960.865518294222
15755,15826,33815,31050,31135,0,27.2127670549662,27.2127670549662,0
15755,15826,33815,31056,31050,0,1219.83665802381,1219.83665802381,0
15755,15826,33815,31056,31056,0,2960.06707059447,2960.06707059447,0
15755,15826,33815,31056,31078,0,787.913211487077,787.913211487077,0
15755,15826,33815,31056,31080,0,1003.46785803931,1003.46785803931,0
15755,15826,33815,31056,31081,0,952.594408821727,952.594408821727,0
15755,15826,33815,31056,31083,34791,659.181808960795,0,659.181808960795
15755,15826,33815,31056,31083,0,476.210770330545,476.210770330545,0
15755,15826,33815,31056,31085,0,1192.52464138361,1192.52464138361,0
15755,15826,33815,31056,31110,34791,966.050158566189,0,966.050158566189
15755,15826,33815,31056,31110,0,61.3483400089082,61.3483400089082,0
15755,15826,33815,31085,31023,0,800.507260548903,800.507260548903,0
15755,15826,33815,31085,31059,31110,665.060194173909,0,0
15755,15826,33815,31085,31059,0,225.518523441464,225.518523441464,0
15755,15826,33815,31085,31064,31064,697.407090227321,0,0
15755,15826,33815,31085,31064,0,2255.53480279313,2255.53480279313,0
15755,15826,33815,31085,31077,0,652.649441622892,652.649441622892,0
15755,15826,33815,31085,31078,0,1724.58579239839,1724.58579239839,0
15755,15826,33815,31085,31080,0,899.435477040235,899.435477040235,0
15755,15826,33815,31085,31083,0,936.795141154708,936.795141154708,0
15755,15826,33815,31085,31085,31085,1725.94404606627,0,0
15755,15826,33815,31085,31085,34791,1927.98810573935,0,1927.98810573935
15755,15826,33815,31085,31085,0,4755.68222140735,4755.68222140735,0
15755,15826,33815,31085,31110,34791,949.22361696482,0,949.22361696482
15755,15826,33815,31085,31110,0,60.2797822469935,60.2797822469935,0
15755,15826,33815,31085,31133,34791,642.049864752865,0,642.049864752865
15755,15826,33815,31085,31133,0,1.47869046648284,1.47869046648284,0
15755,15826,33815,31131,31078,0,895.001152739259,895.001152739259,0
15755,15826,33815,31131,31079,0,991.626449251349,991.626449251349,0
15755,15826,33815,31131,31080,0,771.382734169858,771.382734169858,0
15755,15826,33815,31131,31081,31081,962.075202369258,0,0
15755,15826,33815,31131,31081,34953,755.334766770373,0,755.334766770373
15755,15826,33815,31131,31081,0,3003.92942470963,3003.92942470963,0
15755,15826,33815,31131,31083,31083,645.416981003347,0,0
15755,15826,33815,31131,31083,34791,1476.20800327421,0,1476.20800327421
15755,15826,33815,31131,31083,0,421.035613487377,421.035613487377,0
15755,15826,33815,31132,31110,34791,1041.68944617685,0,1041.68944617685
15755,15826,33815,31132,31110,0,66.1517600934903,66.1517600934903,0
15755,15826,33815,31415,31015,0,1474.9089840295,1474.9089840295,0
15755,15826,33815,31415,31016,0,885.764433127861,885.764433127861,0
15755,15826,33815,31415,31415,31415,3535.58438102001,0,0
15755,15826,33815,31415,31415,34847,3289.80346879764,0,3289.80346879764
15755,15826,33815,31415,31415,0,6129.65780403218,6129.65780403218,0
15755,15826,33815,31415,31416,34847,853.149224961724,0,853.149224961724
15755,15826,33815,31415,31416,0,427.188446115152,427.188446115152,0
15755,15826,33815,31415,31456,0,1487.43217575361,1487.43217575361,0
15755,15826,33815,31415,31485,0,1882.76292765295,1882.76292765295,0
15755,15826,33815,31415,33815,0,1097.52214535041,1097.52214535041,0
15755,15826,33815,31615,31616,34777,1492.47421689157,0,1492.47421689157
15755,15826,33815,31615,31616,0,19.2088503453608,19.2088503453608,0
15755,15826,33815,31815,31815,34831,1192.11437838423,0,1192.11437838423
15755,15826,33815,31815,31815,0,1354.25241506091,1354.25241506091,0
15755,15826,33815,31815,31816,0,782.074779003558,782.074779003558,0
15755,15826,33815,32215,32216,0,667.612200185455,667.612200185455,0
15755,15826,33815,32815,32815,32815,2960.94449086867,0,0
15755,15826,33815,32815,32815,32816,2184.46134225924,0,0
15755,15826,33815,32815,32815,34928,2205.24665423794,0,2205.24665423794
15755,15826,33815,32815,32815,0,1842.95639193822,1842.95639193822,0
15755,15826,33815,32815,32816,34928,5238.02446750525,0,5238.02446750525
15755,15826,33815,32815,32816,0,1544.63669167076,1544.63669167076,0
15755,15826,33815,32816,32816,34928,1124.57343467946,0,1124.57343467946
15755,15826,33815,32816,32816,0,331.624527617264,331.624527617264,0
15755,15826,33815,33015,30615,0,652.944799369901,652.944799369901,0
15755,15826,33815,33015,30815,0,644.580156596317,644.580156596317,0
15755,15826,33815,33015,30816,34841,634.799140134437,0,634.799140134437
15755,15826,33815,33015,30816,0,421.613994831466,421.613994831466,0
15755,15826,33815,33015,33015,33015,2588.16906337214,0,0
15755,15826,33815,33015,33015,33016,696.111529878611,0,0
15755,15826,33815,33015,33015,33815,643.137961045459,0,0
15755,15826,33815,33015,33015,34934,644.518547576461,0,644.518547576461
15755,15826,33815,33015,33015,34953,819.861038038356,0,819.861038038356
15755,15826,33815,33015,33015,0,7502.24974603639,7502.24974603639,0
15755,15826,33815,33015,33016,34921,885.136562781682,0,885.136562781682
15755,15826,33815,33015,33016,0,2582.83449337507,2582.83449337507,0
15755,15826,33815,33015,33085,0,1191.58107963766,1191.58107963766,0
15755,15826,33815,33015,33815,34953,858.286001384005,0,858.286001384005
15755,15826,33815,33015,33815,0,2345.77504097548,2345.77504097548,0
15755,15826,33815,33015,34615,0,753.001176882557,753.001176882557,0
15755,15826,33815,33015,34616,0,923.915946083632,923.915946083632,0
15755,15826,33815,33016,33016,0,662.525825811064,662.525825811064,0
15755,15826,33815,33415,33415,33415,1801.64260498891,0,0
15755,15826,33815,33415,33415,33416,2007.51907809919,0,0
15755,15826,33815,33415,33415,0,3184.22831012945,3184.22831012945,0
15755,15826,33815,33415,33416,34832,3849.99153630684,0,3849.99153630684
15755,15826,33815,33415,33416,34934,1735.87409808811,0,1735.87409808811
15755,15826,33815,33415,33416,0,2206.66979582629,2206.66979582629,0
15755,15826,33815,33883,33483,0,690.859697008407,690.859697008407,0
15755,15826,33815,33883,34083,0,626.706223872077,626.706223872077,0
15755,15826,33815,33883,34683,0,781.358744784362,781.358744784362,0
15755,15826,33815,33910,33910,34953,1354.4610206056,0,1354.4610206056
15755,15826,33815,33910,33910,0,224.436020214909,224.436020214909,0
15755,15826,33815,33910,33928,0,835.73015424693,835.73015424693,0
15755,15826,33815,33910,33933,34953,681.356760661838,0,681.356760661838
15755,15826,33815,33910,33933,0,82.6414384194508,82.6414384194508,0
15755,15826,33815,33914,33910,34953,2066.12122848994,0,2066.12122848994
15755,15826,33815,33914,33910,0,342.359077706413,342.359077706413,0
15755,15826,33815,33914,33914,0,2267.58777378188,2267.58777378188,0
15755,15826,33815,33914,33933,0,665.115556201483,665.115556201483,0
15755,15826,33815,33914,33935,34953,1126.5897909349,0,1126.5897909349
15755,15826,33815,33914,33935,0,218.788770665344,218.788770665344,0
15755,15826,33815,33915,33910,34953,1178.84831393641,0,1178.84831393641
15755,15826,33815,33915,33910,0,195.336757567706,195.336757567706,0
15755,15826,33815,33915,33935,0,717.942369687509,717.942369687509,0
15755,15826,33815,33920,33920,0,1099.46281640543,1099.46281640543,0
15755,15826,33815,33932,33910,0,724.212761551301,724.212761551301,0
15755,15826,33815,33932,33932,0,1727.40043561389,1727.40043561389,0
15755,15826,33815,33932,33933,34953,876.348184426349,0,876.348184426349
15755,15826,33815,33932,33933,0,106.29185574811,106.29185574811,0
15755,15826,33815,33932,33935,0,627.49904894216,627.49904894216,0
15755,15826,33815,33935,33935,34953,827.507058326775,0,827.507058326775
15755,15826,33815,33935,33935,0,160.705567780768,160.705567780768,0
15755,15826,33815,33958,33932,0,701.696458073705,701.696458073705,0
15755,15826,33815,33958,33933,34953,875.33608811292,0,875.33608811292
15755,15826,33815,33958,33933,0,106.169099066163,106.169099066163,0
15755,15826,33815,33958,33935,34953,777.651528907053,0,777.651528907053
15755,15826,33815,33958,33935,0,151.023401227884,151.023401227884,0
15755,15826,33815,33958,33958,34953,752.66613530066,0,752.66613530066
15755,15826,33815,33958,33958,0,570.786773018554,570.786773018554,0
15755,15826,33815,34015,34016,34934,659.023354659591,0,659.023354659591
15755,15826,33815,34015,34016,34954,960.692825477845,0,960.692825477845
15755,15826,33815,34015,34016,0,93.2229553661165,93.2229553661165,0
15755,15826,33815,34615,30615,0,644.921195568054,644.921195568054,0
15755,15826,33815,34615,32815,0,738.116650182915,738.116650182915,0
15755,15826,33815,34615,32816,34928,628.272428773021,0,628.272428773021
15755,15826,33815,34615,32816,0,185.270735535551,185.270735535551,0
